img1,img2,match
_needle/Eifel/Kopie van 266px-Tour_Eiffel_Wikimedia_Commons.jpg,_haystack/Eifel/2e6eebee20804cacab6d5cb9ecac49c6 (2).jpg,1
_needle/Eifel/Kopie van 266px-Tour_Eiffel_Wikimedia_Commons.jpg,_haystack/Eifel/depositphotos_171783652-stock-photo-girl-looking-at-the-eiffel.jpg,1
_needle/Eifel/Kopie van 266px-Tour_Eiffel_Wikimedia_Commons.jpg,_haystack/Eifel/fc (1).jpg,1
_needle/Eifel/Kopie van 266px-Tour_Eiffel_Wikimedia_Commons.jpg,_haystack/chiostro_santa_Maria_del_Gesù/santa_maria_gesu.jpg,0
_needle/Eifel/Kopie van 266px-Tour_Eiffel_Wikimedia_Commons.jpg,_haystack/chiostro_santa_Maria_del_Gesù/bta02101.jpg,0
_needle/Eifel/Kopie van 266px-Tour_Eiffel_Wikimedia_Commons.jpg,_haystack/chiostro_santa_Maria_del_Gesù/Santa_Maria_del_Gesù_a_Modica.jpg,0
_needle/Eifel/Kopie van 266px-Tour_Eiffel_Wikimedia_Commons.jpg,_haystack/chiostro_santa_Maria_del_Gesù/2045-09-28-14-9426.jpg,0
_needle/Eifel/Kopie van 266px-Tour_Eiffel_Wikimedia_Commons.jpg,_haystack/chiostro_santa_Maria_del_Gesù/chiostrosantamariadelgesu_modica_033.jpg,0
_needle/Eifel/Kopie van 266px-Tour_Eiffel_Wikimedia_Commons.jpg,_haystack/Denker/auguste-rodin-denker-560.jpg,0
_needle/Eifel/Kopie van 266px-Tour_Eiffel_Wikimedia_Commons.jpg,_haystack/other/1DCDC7B9A77AF1CD5D922B1657A20A2E6F5D3884.jpg,0
_needle/Eifel/Kopie van 266px-Tour_Eiffel_Wikimedia_Commons.jpg,_haystack/other/0DED3CAB2CF04ACFB104A663D78BC12B3DC7802B.jpg,0
_needle/Eifel/Kopie van 266px-Tour_Eiffel_Wikimedia_Commons.jpg,_haystack/other/9C96D629F61301D1A3432552DF5D6024DB8460CC.jpg,0
_needle/Eifel/Kopie van 266px-Tour_Eiffel_Wikimedia_Commons.jpg,_haystack/other/2F66EA36D3685312058C62F344836DE17C811F63.jpg,0
_needle/Eifel/Kopie van 266px-Tour_Eiffel_Wikimedia_Commons.jpg,_haystack/other/3EB020482CC58097D232E7D81A0F0F9A1F74DF3F.jpg,0
_needle/Eifel/Kopie van 266px-Tour_Eiffel_Wikimedia_Commons.jpg,_haystack/other/4B1F27BFC6278DC921BDF41BB4153E35917A2E1A.jpg,0
_needle/Eifel/Kopie van 266px-Tour_Eiffel_Wikimedia_Commons.jpg,_haystack/other/6D5433D78F86510DFC21C5244D86028C2961E506.jpg,0
_needle/Eifel/Kopie van 266px-Tour_Eiffel_Wikimedia_Commons.jpg,_haystack/other/7D364FF8495ED9835C33DB825ACEA7EA75974AE4.jpg,0
_needle/Eifel/Kopie van 266px-Tour_Eiffel_Wikimedia_Commons.jpg,_haystack/other/1D0BC6C50061317CD281010B0C4DF604A1E1DC63.jpg,0
_needle/Eifel/Kopie van 266px-Tour_Eiffel_Wikimedia_Commons.jpg,_haystack/other/9A187B7DBD5C85125FA02F7FC8F2C6A67BF92B0C.jpg,0
_needle/Eifel/Kopie van 266px-Tour_Eiffel_Wikimedia_Commons.jpg,_haystack/other/6EAF7C36444A71D54EC40456A36FEA8EA7856EB6.jpg,0
_needle/Eifel/Kopie van 266px-Tour_Eiffel_Wikimedia_Commons.jpg,_haystack/other/49B23A228F2A9F21DF5B1C260007663952B0156A.jpg,0
_needle/Eifel/Kopie van 266px-Tour_Eiffel_Wikimedia_Commons.jpg,_haystack/other/4B388D71636175BF1AC7E06627AEAE55CF87F94E.jpg,0
_needle/Eifel/Kopie van 266px-Tour_Eiffel_Wikimedia_Commons.jpg,_haystack/other/3EB7ACC6C32EB91F3095E89B10AFCA80BD9A82C1.jpg,0
_needle/Eifel/Kopie van 266px-Tour_Eiffel_Wikimedia_Commons.jpg,_haystack/other/9A990367286B3F40CB1E65900C92F6092113439C.jpg,0
_needle/Eifel/Kopie van 266px-Tour_Eiffel_Wikimedia_Commons.jpg,_haystack/other/4C6840FCB91CFCD00E0AD0CC2F1163D0C1444DA7.jpg,0
_needle/Eifel/Kopie van 266px-Tour_Eiffel_Wikimedia_Commons.jpg,_haystack/other/7F42AE7C6D0C15D1026CDFF7AC682F1A5CBB13F1.jpg,0
_needle/Eifel/Kopie van 266px-Tour_Eiffel_Wikimedia_Commons.jpg,_haystack/other/5AD1375E27679FD438A7C9458C4319555387A7F1.jpg,0
_needle/Eifel/Kopie van 266px-Tour_Eiffel_Wikimedia_Commons.jpg,_haystack/other/5E19CCB453CF86E7D66F2995663727C4FEA4F6DE.jpg,0
_needle/Eifel/Kopie van 266px-Tour_Eiffel_Wikimedia_Commons.jpg,_haystack/other/4C663E85BBBCADE94B626156B73968A7E253AD7E.jpg,0
_needle/Eifel/Kopie van 266px-Tour_Eiffel_Wikimedia_Commons.jpg,_haystack/other/29BE6DF8BB02339529783B051CAE8AC462C53350.jpg,0
_needle/Eifel/Kopie van 266px-Tour_Eiffel_Wikimedia_Commons.jpg,_haystack/other/6E0A9E180F45B08D1A00D73B4A5D12CA5D507DA8.jpg,0
_needle/Eifel/Kopie van 266px-Tour_Eiffel_Wikimedia_Commons.jpg,_haystack/other/06E1D16E2BFB96644F645AB50D959058466F6789.jpg,0
_needle/Eifel/Kopie van 266px-Tour_Eiffel_Wikimedia_Commons.jpg,_haystack/other/1C78C8BF716B89746A1F36F486CFFD308BFB40DD.jpg,0
_needle/Eifel/Kopie van 266px-Tour_Eiffel_Wikimedia_Commons.jpg,_haystack/other/7B382B724B4267865758837895721A5DDAAE2E16.jpg,0
_needle/Eifel/Kopie van 266px-Tour_Eiffel_Wikimedia_Commons.jpg,_haystack/other/0AAD89BACFE6AA8FF50EC6E42D1AA5534B99685E.jpg,0
_needle/Eifel/Kopie van 266px-Tour_Eiffel_Wikimedia_Commons.jpg,_haystack/other/6E38A0B834C94FD1930D5E6115F6522FAFB8FBD7.jpg,0
_needle/Eifel/Kopie van 266px-Tour_Eiffel_Wikimedia_Commons.jpg,_haystack/other/3A1404853A3D04C073BBCE1E63DC75499855355E.jpg,0
_needle/Eifel/Kopie van 266px-Tour_Eiffel_Wikimedia_Commons.jpg,_haystack/other/7F50AA4FBDCF75F01B9ACF41B8393DEB11F24087.jpg,0
_needle/Eifel/Kopie van 266px-Tour_Eiffel_Wikimedia_Commons.jpg,_haystack/other/5B915A4A034AD6673CAA30323A079FFB9F9C53AA.jpg,0
_needle/Eifel/Kopie van 266px-Tour_Eiffel_Wikimedia_Commons.jpg,_haystack/other/43E9346F7E50F7BDC50B40C00D6D46CE37C53089.jpg,0
_needle/Eifel/Kopie van 266px-Tour_Eiffel_Wikimedia_Commons.jpg,_haystack/other/18EF6748E3B6712409EDB8FD26FDD8ECBDAEFD94.jpg,0
_needle/Eifel/Kopie van 266px-Tour_Eiffel_Wikimedia_Commons.jpg,_haystack/other/2C70CFF53434D9ABEEDAED293D6D3297B1200F1A.jpg,0
_needle/Eifel/Kopie van 266px-Tour_Eiffel_Wikimedia_Commons.jpg,_haystack/other/0F1D2F7A7BF6856AF15A7C4E14227D7DAF2E0FA1.jpg,0
_needle/Eifel/Kopie van 266px-Tour_Eiffel_Wikimedia_Commons.jpg,_haystack/other/6A805FFA6B533FBC3DB8B5F950034B632DCCFB0B.jpg,0
_needle/Eifel/Kopie van 266px-Tour_Eiffel_Wikimedia_Commons.jpg,_haystack/other/7BB3653FAC3A2198B9DD64C12E6CB3DFE5C54F1F.jpg,0
_needle/Eifel/Kopie van 266px-Tour_Eiffel_Wikimedia_Commons.jpg,_haystack/SixtijnseKapel/1e.jpg,0
_needle/Eifel/Kopie van 266px-Tour_Eiffel_Wikimedia_Commons.jpg,_haystack/SixtijnseKapel/bb9dd49f81cfec3d82161b73213a283945f12254_judgement-01.jpg,0
_needle/Eifel/Kopie van 266px-Tour_Eiffel_Wikimedia_Commons.jpg,_haystack/SixtijnseKapel/25976.jpg,0
_needle/Eifel/Kopie van 266px-Tour_Eiffel_Wikimedia_Commons.jpg,_haystack/ponte_di_verona/48490591-ponte-di-pietra-brug-in-verona-in-een-zomerse-dag-italië-.jpg,0
_needle/Eifel/Kopie van 266px-Tour_Eiffel_Wikimedia_Commons.jpg,_haystack/ponte_di_verona/images.jpg,0
_needle/Eifel/Kopie van 266px-Tour_Eiffel_Wikimedia_Commons.jpg,_haystack/palazzo_Bartolini_Salimbeni_Firenze/3f74dcd8c86248f7c078bc4beb56235a.jpg,0
_needle/Eifel/Kopie van 266px-Tour_Eiffel_Wikimedia_Commons.jpg,_haystack/palazzo_Bartolini_Salimbeni_Firenze/l-italia-toscana-firenze-piazza-santa-trinita-e-palazzo-bartolini-salimbeni-di-notte-je710j.jpg,0
_needle/Eifel/Kopie van 266px-Tour_Eiffel_Wikimedia_Commons.jpg,_haystack/palazzo_Bartolini_Salimbeni_Firenze/italy-toscana-tuscany-firenze-florence-piazza-santa-trinita-palazzo-bartolini-salimbeni-XBY2F2.jpg,0
_needle/Eifel/Kopie van 266px-Tour_Eiffel_Wikimedia_Commons.jpg,_haystack/palazzo_Bartolini_Salimbeni_Firenze/Firenze_-_Florence_-_Piazza_Santa_Trìnita_-_View_East_on_Palazzo_Bartolini_Salimbeni_1523_by_Baccio_d_Agnolo.jpg,0
_needle/Eifel/Kopie van 266px-Tour_Eiffel_Wikimedia_Commons.jpg,_haystack/palazzo_Bartolini_Salimbeni_Firenze/16951476119_b0359cc13c_b.jpg,0
_needle/Eifel/Kopie van 266px-Tour_Eiffel_Wikimedia_Commons.jpg,_haystack/StoelMondriaan/download (3).jpg,0
_needle/Eifel/Kopie van 266px-Tour_Eiffel_Wikimedia_Commons.jpg,_haystack/StoelMondriaan/rood-blauwe-stoel-van-gerrit-thomas-rietveld.jpg,0
_needle/Eifel/Kopie van 266px-Tour_Eiffel_Wikimedia_Commons.jpg,_haystack/Volta_Pantheon/pantheon01.jpg,0
_needle/Eifel/Kopie van 266px-Tour_Eiffel_Wikimedia_Commons.jpg,_haystack/Volta_Pantheon/Pantheon-Rome-interior-3.jpg,0
_needle/Eifel/Kopie van 266px-Tour_Eiffel_Wikimedia_Commons.jpg,_haystack/Avondmaal/download (5).jpg,0
_needle/Eifel/Kopie van 266px-Tour_Eiffel_Wikimedia_Commons.jpg,_haystack/Avondmaal/images.jpg,0
_needle/Eifel/Kopie van 266px-Tour_Eiffel_Wikimedia_Commons.jpg,_haystack/Hooiwagen/2048x1152 (1).jpg,0
_needle/Eifel/Kopie van 266px-Tour_Eiffel_Wikimedia_Commons.jpg,_haystack/Hooiwagen/jb17.jpg,0
_needle/Eifel/Kopie van 266px-Tour_Eiffel_Wikimedia_Commons.jpg,_haystack/Hooiwagen/download (2).jpg,0
_needle/chiostro_santa_Maria_del_Gesù/D00147TargetImage.jpg,_haystack/Eifel/2e6eebee20804cacab6d5cb9ecac49c6 (2).jpg,0
_needle/chiostro_santa_Maria_del_Gesù/D00147TargetImage.jpg,_haystack/Eifel/depositphotos_171783652-stock-photo-girl-looking-at-the-eiffel.jpg,0
_needle/chiostro_santa_Maria_del_Gesù/D00147TargetImage.jpg,_haystack/Eifel/fc (1).jpg,0
_needle/chiostro_santa_Maria_del_Gesù/D00147TargetImage.jpg,_haystack/chiostro_santa_Maria_del_Gesù/santa_maria_gesu.jpg,1
_needle/chiostro_santa_Maria_del_Gesù/D00147TargetImage.jpg,_haystack/chiostro_santa_Maria_del_Gesù/bta02101.jpg,1
_needle/chiostro_santa_Maria_del_Gesù/D00147TargetImage.jpg,_haystack/chiostro_santa_Maria_del_Gesù/Santa_Maria_del_Gesù_a_Modica.jpg,1
_needle/chiostro_santa_Maria_del_Gesù/D00147TargetImage.jpg,_haystack/chiostro_santa_Maria_del_Gesù/2045-09-28-14-9426.jpg,1
_needle/chiostro_santa_Maria_del_Gesù/D00147TargetImage.jpg,_haystack/chiostro_santa_Maria_del_Gesù/chiostrosantamariadelgesu_modica_033.jpg,1
_needle/chiostro_santa_Maria_del_Gesù/D00147TargetImage.jpg,_haystack/Denker/auguste-rodin-denker-560.jpg,0
_needle/chiostro_santa_Maria_del_Gesù/D00147TargetImage.jpg,_haystack/other/1DCDC7B9A77AF1CD5D922B1657A20A2E6F5D3884.jpg,0
_needle/chiostro_santa_Maria_del_Gesù/D00147TargetImage.jpg,_haystack/other/0DED3CAB2CF04ACFB104A663D78BC12B3DC7802B.jpg,0
_needle/chiostro_santa_Maria_del_Gesù/D00147TargetImage.jpg,_haystack/other/9C96D629F61301D1A3432552DF5D6024DB8460CC.jpg,0
_needle/chiostro_santa_Maria_del_Gesù/D00147TargetImage.jpg,_haystack/other/2F66EA36D3685312058C62F344836DE17C811F63.jpg,0
_needle/chiostro_santa_Maria_del_Gesù/D00147TargetImage.jpg,_haystack/other/3EB020482CC58097D232E7D81A0F0F9A1F74DF3F.jpg,0
_needle/chiostro_santa_Maria_del_Gesù/D00147TargetImage.jpg,_haystack/other/4B1F27BFC6278DC921BDF41BB4153E35917A2E1A.jpg,0
_needle/chiostro_santa_Maria_del_Gesù/D00147TargetImage.jpg,_haystack/other/6D5433D78F86510DFC21C5244D86028C2961E506.jpg,0
_needle/chiostro_santa_Maria_del_Gesù/D00147TargetImage.jpg,_haystack/other/7D364FF8495ED9835C33DB825ACEA7EA75974AE4.jpg,0
_needle/chiostro_santa_Maria_del_Gesù/D00147TargetImage.jpg,_haystack/other/1D0BC6C50061317CD281010B0C4DF604A1E1DC63.jpg,0
_needle/chiostro_santa_Maria_del_Gesù/D00147TargetImage.jpg,_haystack/other/9A187B7DBD5C85125FA02F7FC8F2C6A67BF92B0C.jpg,0
_needle/chiostro_santa_Maria_del_Gesù/D00147TargetImage.jpg,_haystack/other/6EAF7C36444A71D54EC40456A36FEA8EA7856EB6.jpg,0
_needle/chiostro_santa_Maria_del_Gesù/D00147TargetImage.jpg,_haystack/other/49B23A228F2A9F21DF5B1C260007663952B0156A.jpg,0
_needle/chiostro_santa_Maria_del_Gesù/D00147TargetImage.jpg,_haystack/other/4B388D71636175BF1AC7E06627AEAE55CF87F94E.jpg,0
_needle/chiostro_santa_Maria_del_Gesù/D00147TargetImage.jpg,_haystack/other/3EB7ACC6C32EB91F3095E89B10AFCA80BD9A82C1.jpg,0
_needle/chiostro_santa_Maria_del_Gesù/D00147TargetImage.jpg,_haystack/other/9A990367286B3F40CB1E65900C92F6092113439C.jpg,0
_needle/chiostro_santa_Maria_del_Gesù/D00147TargetImage.jpg,_haystack/other/4C6840FCB91CFCD00E0AD0CC2F1163D0C1444DA7.jpg,0
_needle/chiostro_santa_Maria_del_Gesù/D00147TargetImage.jpg,_haystack/other/7F42AE7C6D0C15D1026CDFF7AC682F1A5CBB13F1.jpg,0
_needle/chiostro_santa_Maria_del_Gesù/D00147TargetImage.jpg,_haystack/other/5AD1375E27679FD438A7C9458C4319555387A7F1.jpg,0
_needle/chiostro_santa_Maria_del_Gesù/D00147TargetImage.jpg,_haystack/other/5E19CCB453CF86E7D66F2995663727C4FEA4F6DE.jpg,0
_needle/chiostro_santa_Maria_del_Gesù/D00147TargetImage.jpg,_haystack/other/4C663E85BBBCADE94B626156B73968A7E253AD7E.jpg,0
_needle/chiostro_santa_Maria_del_Gesù/D00147TargetImage.jpg,_haystack/other/29BE6DF8BB02339529783B051CAE8AC462C53350.jpg,0
_needle/chiostro_santa_Maria_del_Gesù/D00147TargetImage.jpg,_haystack/other/6E0A9E180F45B08D1A00D73B4A5D12CA5D507DA8.jpg,0
_needle/chiostro_santa_Maria_del_Gesù/D00147TargetImage.jpg,_haystack/other/06E1D16E2BFB96644F645AB50D959058466F6789.jpg,0
_needle/chiostro_santa_Maria_del_Gesù/D00147TargetImage.jpg,_haystack/other/1C78C8BF716B89746A1F36F486CFFD308BFB40DD.jpg,0
_needle/chiostro_santa_Maria_del_Gesù/D00147TargetImage.jpg,_haystack/other/7B382B724B4267865758837895721A5DDAAE2E16.jpg,0
_needle/chiostro_santa_Maria_del_Gesù/D00147TargetImage.jpg,_haystack/other/0AAD89BACFE6AA8FF50EC6E42D1AA5534B99685E.jpg,0
_needle/chiostro_santa_Maria_del_Gesù/D00147TargetImage.jpg,_haystack/other/6E38A0B834C94FD1930D5E6115F6522FAFB8FBD7.jpg,0
_needle/chiostro_santa_Maria_del_Gesù/D00147TargetImage.jpg,_haystack/other/3A1404853A3D04C073BBCE1E63DC75499855355E.jpg,0
_needle/chiostro_santa_Maria_del_Gesù/D00147TargetImage.jpg,_haystack/other/7F50AA4FBDCF75F01B9ACF41B8393DEB11F24087.jpg,0
_needle/chiostro_santa_Maria_del_Gesù/D00147TargetImage.jpg,_haystack/other/5B915A4A034AD6673CAA30323A079FFB9F9C53AA.jpg,0
_needle/chiostro_santa_Maria_del_Gesù/D00147TargetImage.jpg,_haystack/other/43E9346F7E50F7BDC50B40C00D6D46CE37C53089.jpg,0
_needle/chiostro_santa_Maria_del_Gesù/D00147TargetImage.jpg,_haystack/other/18EF6748E3B6712409EDB8FD26FDD8ECBDAEFD94.jpg,0
_needle/chiostro_santa_Maria_del_Gesù/D00147TargetImage.jpg,_haystack/other/2C70CFF53434D9ABEEDAED293D6D3297B1200F1A.jpg,0
_needle/chiostro_santa_Maria_del_Gesù/D00147TargetImage.jpg,_haystack/other/0F1D2F7A7BF6856AF15A7C4E14227D7DAF2E0FA1.jpg,0
_needle/chiostro_santa_Maria_del_Gesù/D00147TargetImage.jpg,_haystack/other/6A805FFA6B533FBC3DB8B5F950034B632DCCFB0B.jpg,0
_needle/chiostro_santa_Maria_del_Gesù/D00147TargetImage.jpg,_haystack/other/7BB3653FAC3A2198B9DD64C12E6CB3DFE5C54F1F.jpg,0
_needle/chiostro_santa_Maria_del_Gesù/D00147TargetImage.jpg,_haystack/SixtijnseKapel/1e.jpg,0
_needle/chiostro_santa_Maria_del_Gesù/D00147TargetImage.jpg,_haystack/SixtijnseKapel/bb9dd49f81cfec3d82161b73213a283945f12254_judgement-01.jpg,0
_needle/chiostro_santa_Maria_del_Gesù/D00147TargetImage.jpg,_haystack/SixtijnseKapel/25976.jpg,0
_needle/chiostro_santa_Maria_del_Gesù/D00147TargetImage.jpg,_haystack/ponte_di_verona/48490591-ponte-di-pietra-brug-in-verona-in-een-zomerse-dag-italië-.jpg,0
_needle/chiostro_santa_Maria_del_Gesù/D00147TargetImage.jpg,_haystack/ponte_di_verona/images.jpg,0
_needle/chiostro_santa_Maria_del_Gesù/D00147TargetImage.jpg,_haystack/palazzo_Bartolini_Salimbeni_Firenze/3f74dcd8c86248f7c078bc4beb56235a.jpg,0
_needle/chiostro_santa_Maria_del_Gesù/D00147TargetImage.jpg,_haystack/palazzo_Bartolini_Salimbeni_Firenze/l-italia-toscana-firenze-piazza-santa-trinita-e-palazzo-bartolini-salimbeni-di-notte-je710j.jpg,0
_needle/chiostro_santa_Maria_del_Gesù/D00147TargetImage.jpg,_haystack/palazzo_Bartolini_Salimbeni_Firenze/italy-toscana-tuscany-firenze-florence-piazza-santa-trinita-palazzo-bartolini-salimbeni-XBY2F2.jpg,0
_needle/chiostro_santa_Maria_del_Gesù/D00147TargetImage.jpg,_haystack/palazzo_Bartolini_Salimbeni_Firenze/Firenze_-_Florence_-_Piazza_Santa_Trìnita_-_View_East_on_Palazzo_Bartolini_Salimbeni_1523_by_Baccio_d_Agnolo.jpg,0
_needle/chiostro_santa_Maria_del_Gesù/D00147TargetImage.jpg,_haystack/palazzo_Bartolini_Salimbeni_Firenze/16951476119_b0359cc13c_b.jpg,0
_needle/chiostro_santa_Maria_del_Gesù/D00147TargetImage.jpg,_haystack/StoelMondriaan/download (3).jpg,0
_needle/chiostro_santa_Maria_del_Gesù/D00147TargetImage.jpg,_haystack/StoelMondriaan/rood-blauwe-stoel-van-gerrit-thomas-rietveld.jpg,0
_needle/chiostro_santa_Maria_del_Gesù/D00147TargetImage.jpg,_haystack/Volta_Pantheon/pantheon01.jpg,0
_needle/chiostro_santa_Maria_del_Gesù/D00147TargetImage.jpg,_haystack/Volta_Pantheon/Pantheon-Rome-interior-3.jpg,0
_needle/chiostro_santa_Maria_del_Gesù/D00147TargetImage.jpg,_haystack/Avondmaal/download (5).jpg,0
_needle/chiostro_santa_Maria_del_Gesù/D00147TargetImage.jpg,_haystack/Avondmaal/images.jpg,0
_needle/chiostro_santa_Maria_del_Gesù/D00147TargetImage.jpg,_haystack/Hooiwagen/2048x1152 (1).jpg,0
_needle/chiostro_santa_Maria_del_Gesù/D00147TargetImage.jpg,_haystack/Hooiwagen/jb17.jpg,0
_needle/chiostro_santa_Maria_del_Gesù/D00147TargetImage.jpg,_haystack/Hooiwagen/download (2).jpg,0
_needle/Denker/de-denker.jpg,_haystack/Eifel/2e6eebee20804cacab6d5cb9ecac49c6 (2).jpg,0
_needle/Denker/de-denker.jpg,_haystack/Eifel/depositphotos_171783652-stock-photo-girl-looking-at-the-eiffel.jpg,0
_needle/Denker/de-denker.jpg,_haystack/Eifel/fc (1).jpg,0
_needle/Denker/de-denker.jpg,_haystack/chiostro_santa_Maria_del_Gesù/santa_maria_gesu.jpg,0
_needle/Denker/de-denker.jpg,_haystack/chiostro_santa_Maria_del_Gesù/bta02101.jpg,0
_needle/Denker/de-denker.jpg,_haystack/chiostro_santa_Maria_del_Gesù/Santa_Maria_del_Gesù_a_Modica.jpg,0
_needle/Denker/de-denker.jpg,_haystack/chiostro_santa_Maria_del_Gesù/2045-09-28-14-9426.jpg,0
_needle/Denker/de-denker.jpg,_haystack/chiostro_santa_Maria_del_Gesù/chiostrosantamariadelgesu_modica_033.jpg,0
_needle/Denker/de-denker.jpg,_haystack/Denker/auguste-rodin-denker-560.jpg,1
_needle/Denker/de-denker.jpg,_haystack/other/1DCDC7B9A77AF1CD5D922B1657A20A2E6F5D3884.jpg,0
_needle/Denker/de-denker.jpg,_haystack/other/0DED3CAB2CF04ACFB104A663D78BC12B3DC7802B.jpg,0
_needle/Denker/de-denker.jpg,_haystack/other/9C96D629F61301D1A3432552DF5D6024DB8460CC.jpg,0
_needle/Denker/de-denker.jpg,_haystack/other/2F66EA36D3685312058C62F344836DE17C811F63.jpg,0
_needle/Denker/de-denker.jpg,_haystack/other/3EB020482CC58097D232E7D81A0F0F9A1F74DF3F.jpg,0
_needle/Denker/de-denker.jpg,_haystack/other/4B1F27BFC6278DC921BDF41BB4153E35917A2E1A.jpg,0
_needle/Denker/de-denker.jpg,_haystack/other/6D5433D78F86510DFC21C5244D86028C2961E506.jpg,0
_needle/Denker/de-denker.jpg,_haystack/other/7D364FF8495ED9835C33DB825ACEA7EA75974AE4.jpg,0
_needle/Denker/de-denker.jpg,_haystack/other/1D0BC6C50061317CD281010B0C4DF604A1E1DC63.jpg,0
_needle/Denker/de-denker.jpg,_haystack/other/9A187B7DBD5C85125FA02F7FC8F2C6A67BF92B0C.jpg,0
_needle/Denker/de-denker.jpg,_haystack/other/6EAF7C36444A71D54EC40456A36FEA8EA7856EB6.jpg,0
_needle/Denker/de-denker.jpg,_haystack/other/49B23A228F2A9F21DF5B1C260007663952B0156A.jpg,0
_needle/Denker/de-denker.jpg,_haystack/other/4B388D71636175BF1AC7E06627AEAE55CF87F94E.jpg,0
_needle/Denker/de-denker.jpg,_haystack/other/3EB7ACC6C32EB91F3095E89B10AFCA80BD9A82C1.jpg,0
_needle/Denker/de-denker.jpg,_haystack/other/9A990367286B3F40CB1E65900C92F6092113439C.jpg,0
_needle/Denker/de-denker.jpg,_haystack/other/4C6840FCB91CFCD00E0AD0CC2F1163D0C1444DA7.jpg,0
_needle/Denker/de-denker.jpg,_haystack/other/7F42AE7C6D0C15D1026CDFF7AC682F1A5CBB13F1.jpg,0
_needle/Denker/de-denker.jpg,_haystack/other/5AD1375E27679FD438A7C9458C4319555387A7F1.jpg,0
_needle/Denker/de-denker.jpg,_haystack/other/5E19CCB453CF86E7D66F2995663727C4FEA4F6DE.jpg,0
_needle/Denker/de-denker.jpg,_haystack/other/4C663E85BBBCADE94B626156B73968A7E253AD7E.jpg,0
_needle/Denker/de-denker.jpg,_haystack/other/29BE6DF8BB02339529783B051CAE8AC462C53350.jpg,0
_needle/Denker/de-denker.jpg,_haystack/other/6E0A9E180F45B08D1A00D73B4A5D12CA5D507DA8.jpg,0
_needle/Denker/de-denker.jpg,_haystack/other/06E1D16E2BFB96644F645AB50D959058466F6789.jpg,0
_needle/Denker/de-denker.jpg,_haystack/other/1C78C8BF716B89746A1F36F486CFFD308BFB40DD.jpg,0
_needle/Denker/de-denker.jpg,_haystack/other/7B382B724B4267865758837895721A5DDAAE2E16.jpg,0
_needle/Denker/de-denker.jpg,_haystack/other/0AAD89BACFE6AA8FF50EC6E42D1AA5534B99685E.jpg,0
_needle/Denker/de-denker.jpg,_haystack/other/6E38A0B834C94FD1930D5E6115F6522FAFB8FBD7.jpg,0
_needle/Denker/de-denker.jpg,_haystack/other/3A1404853A3D04C073BBCE1E63DC75499855355E.jpg,0
_needle/Denker/de-denker.jpg,_haystack/other/7F50AA4FBDCF75F01B9ACF41B8393DEB11F24087.jpg,0
_needle/Denker/de-denker.jpg,_haystack/other/5B915A4A034AD6673CAA30323A079FFB9F9C53AA.jpg,0
_needle/Denker/de-denker.jpg,_haystack/other/43E9346F7E50F7BDC50B40C00D6D46CE37C53089.jpg,0
_needle/Denker/de-denker.jpg,_haystack/other/18EF6748E3B6712409EDB8FD26FDD8ECBDAEFD94.jpg,0
_needle/Denker/de-denker.jpg,_haystack/other/2C70CFF53434D9ABEEDAED293D6D3297B1200F1A.jpg,0
_needle/Denker/de-denker.jpg,_haystack/other/0F1D2F7A7BF6856AF15A7C4E14227D7DAF2E0FA1.jpg,0
_needle/Denker/de-denker.jpg,_haystack/other/6A805FFA6B533FBC3DB8B5F950034B632DCCFB0B.jpg,0
_needle/Denker/de-denker.jpg,_haystack/other/7BB3653FAC3A2198B9DD64C12E6CB3DFE5C54F1F.jpg,0
_needle/Denker/de-denker.jpg,_haystack/SixtijnseKapel/1e.jpg,0
_needle/Denker/de-denker.jpg,_haystack/SixtijnseKapel/bb9dd49f81cfec3d82161b73213a283945f12254_judgement-01.jpg,0
_needle/Denker/de-denker.jpg,_haystack/SixtijnseKapel/25976.jpg,0
_needle/Denker/de-denker.jpg,_haystack/ponte_di_verona/48490591-ponte-di-pietra-brug-in-verona-in-een-zomerse-dag-italië-.jpg,0
_needle/Denker/de-denker.jpg,_haystack/ponte_di_verona/images.jpg,0
_needle/Denker/de-denker.jpg,_haystack/palazzo_Bartolini_Salimbeni_Firenze/3f74dcd8c86248f7c078bc4beb56235a.jpg,0
_needle/Denker/de-denker.jpg,_haystack/palazzo_Bartolini_Salimbeni_Firenze/l-italia-toscana-firenze-piazza-santa-trinita-e-palazzo-bartolini-salimbeni-di-notte-je710j.jpg,0
_needle/Denker/de-denker.jpg,_haystack/palazzo_Bartolini_Salimbeni_Firenze/italy-toscana-tuscany-firenze-florence-piazza-santa-trinita-palazzo-bartolini-salimbeni-XBY2F2.jpg,0
_needle/Denker/de-denker.jpg,_haystack/palazzo_Bartolini_Salimbeni_Firenze/Firenze_-_Florence_-_Piazza_Santa_Trìnita_-_View_East_on_Palazzo_Bartolini_Salimbeni_1523_by_Baccio_d_Agnolo.jpg,0
_needle/Denker/de-denker.jpg,_haystack/palazzo_Bartolini_Salimbeni_Firenze/16951476119_b0359cc13c_b.jpg,0
_needle/Denker/de-denker.jpg,_haystack/StoelMondriaan/download (3).jpg,0
_needle/Denker/de-denker.jpg,_haystack/StoelMondriaan/rood-blauwe-stoel-van-gerrit-thomas-rietveld.jpg,0
_needle/Denker/de-denker.jpg,_haystack/Volta_Pantheon/pantheon01.jpg,0
_needle/Denker/de-denker.jpg,_haystack/Volta_Pantheon/Pantheon-Rome-interior-3.jpg,0
_needle/Denker/de-denker.jpg,_haystack/Avondmaal/download (5).jpg,0
_needle/Denker/de-denker.jpg,_haystack/Avondmaal/images.jpg,0
_needle/Denker/de-denker.jpg,_haystack/Hooiwagen/2048x1152 (1).jpg,0
_needle/Denker/de-denker.jpg,_haystack/Hooiwagen/jb17.jpg,0
_needle/Denker/de-denker.jpg,_haystack/Hooiwagen/download (2).jpg,0
_needle/SixtijnseKapel/Rome-Sixtijnse-Kapel-Laatste-Oordeel.jpg,_haystack/Eifel/2e6eebee20804cacab6d5cb9ecac49c6 (2).jpg,0
_needle/SixtijnseKapel/Rome-Sixtijnse-Kapel-Laatste-Oordeel.jpg,_haystack/Eifel/depositphotos_171783652-stock-photo-girl-looking-at-the-eiffel.jpg,0
_needle/SixtijnseKapel/Rome-Sixtijnse-Kapel-Laatste-Oordeel.jpg,_haystack/Eifel/fc (1).jpg,0
_needle/SixtijnseKapel/Rome-Sixtijnse-Kapel-Laatste-Oordeel.jpg,_haystack/chiostro_santa_Maria_del_Gesù/santa_maria_gesu.jpg,0
_needle/SixtijnseKapel/Rome-Sixtijnse-Kapel-Laatste-Oordeel.jpg,_haystack/chiostro_santa_Maria_del_Gesù/bta02101.jpg,0
_needle/SixtijnseKapel/Rome-Sixtijnse-Kapel-Laatste-Oordeel.jpg,_haystack/chiostro_santa_Maria_del_Gesù/Santa_Maria_del_Gesù_a_Modica.jpg,0
_needle/SixtijnseKapel/Rome-Sixtijnse-Kapel-Laatste-Oordeel.jpg,_haystack/chiostro_santa_Maria_del_Gesù/2045-09-28-14-9426.jpg,0
_needle/SixtijnseKapel/Rome-Sixtijnse-Kapel-Laatste-Oordeel.jpg,_haystack/chiostro_santa_Maria_del_Gesù/chiostrosantamariadelgesu_modica_033.jpg,0
_needle/SixtijnseKapel/Rome-Sixtijnse-Kapel-Laatste-Oordeel.jpg,_haystack/Denker/auguste-rodin-denker-560.jpg,0
_needle/SixtijnseKapel/Rome-Sixtijnse-Kapel-Laatste-Oordeel.jpg,_haystack/other/1DCDC7B9A77AF1CD5D922B1657A20A2E6F5D3884.jpg,0
_needle/SixtijnseKapel/Rome-Sixtijnse-Kapel-Laatste-Oordeel.jpg,_haystack/other/0DED3CAB2CF04ACFB104A663D78BC12B3DC7802B.jpg,0
_needle/SixtijnseKapel/Rome-Sixtijnse-Kapel-Laatste-Oordeel.jpg,_haystack/other/9C96D629F61301D1A3432552DF5D6024DB8460CC.jpg,0
_needle/SixtijnseKapel/Rome-Sixtijnse-Kapel-Laatste-Oordeel.jpg,_haystack/other/2F66EA36D3685312058C62F344836DE17C811F63.jpg,0
_needle/SixtijnseKapel/Rome-Sixtijnse-Kapel-Laatste-Oordeel.jpg,_haystack/other/3EB020482CC58097D232E7D81A0F0F9A1F74DF3F.jpg,0
_needle/SixtijnseKapel/Rome-Sixtijnse-Kapel-Laatste-Oordeel.jpg,_haystack/other/4B1F27BFC6278DC921BDF41BB4153E35917A2E1A.jpg,0
_needle/SixtijnseKapel/Rome-Sixtijnse-Kapel-Laatste-Oordeel.jpg,_haystack/other/6D5433D78F86510DFC21C5244D86028C2961E506.jpg,0
_needle/SixtijnseKapel/Rome-Sixtijnse-Kapel-Laatste-Oordeel.jpg,_haystack/other/7D364FF8495ED9835C33DB825ACEA7EA75974AE4.jpg,0
_needle/SixtijnseKapel/Rome-Sixtijnse-Kapel-Laatste-Oordeel.jpg,_haystack/other/1D0BC6C50061317CD281010B0C4DF604A1E1DC63.jpg,0
_needle/SixtijnseKapel/Rome-Sixtijnse-Kapel-Laatste-Oordeel.jpg,_haystack/other/9A187B7DBD5C85125FA02F7FC8F2C6A67BF92B0C.jpg,0
_needle/SixtijnseKapel/Rome-Sixtijnse-Kapel-Laatste-Oordeel.jpg,_haystack/other/6EAF7C36444A71D54EC40456A36FEA8EA7856EB6.jpg,0
_needle/SixtijnseKapel/Rome-Sixtijnse-Kapel-Laatste-Oordeel.jpg,_haystack/other/49B23A228F2A9F21DF5B1C260007663952B0156A.jpg,0
_needle/SixtijnseKapel/Rome-Sixtijnse-Kapel-Laatste-Oordeel.jpg,_haystack/other/4B388D71636175BF1AC7E06627AEAE55CF87F94E.jpg,0
_needle/SixtijnseKapel/Rome-Sixtijnse-Kapel-Laatste-Oordeel.jpg,_haystack/other/3EB7ACC6C32EB91F3095E89B10AFCA80BD9A82C1.jpg,0
_needle/SixtijnseKapel/Rome-Sixtijnse-Kapel-Laatste-Oordeel.jpg,_haystack/other/9A990367286B3F40CB1E65900C92F6092113439C.jpg,0
_needle/SixtijnseKapel/Rome-Sixtijnse-Kapel-Laatste-Oordeel.jpg,_haystack/other/4C6840FCB91CFCD00E0AD0CC2F1163D0C1444DA7.jpg,0
_needle/SixtijnseKapel/Rome-Sixtijnse-Kapel-Laatste-Oordeel.jpg,_haystack/other/7F42AE7C6D0C15D1026CDFF7AC682F1A5CBB13F1.jpg,0
_needle/SixtijnseKapel/Rome-Sixtijnse-Kapel-Laatste-Oordeel.jpg,_haystack/other/5AD1375E27679FD438A7C9458C4319555387A7F1.jpg,0
_needle/SixtijnseKapel/Rome-Sixtijnse-Kapel-Laatste-Oordeel.jpg,_haystack/other/5E19CCB453CF86E7D66F2995663727C4FEA4F6DE.jpg,0
_needle/SixtijnseKapel/Rome-Sixtijnse-Kapel-Laatste-Oordeel.jpg,_haystack/other/4C663E85BBBCADE94B626156B73968A7E253AD7E.jpg,0
_needle/SixtijnseKapel/Rome-Sixtijnse-Kapel-Laatste-Oordeel.jpg,_haystack/other/29BE6DF8BB02339529783B051CAE8AC462C53350.jpg,0
_needle/SixtijnseKapel/Rome-Sixtijnse-Kapel-Laatste-Oordeel.jpg,_haystack/other/6E0A9E180F45B08D1A00D73B4A5D12CA5D507DA8.jpg,0
_needle/SixtijnseKapel/Rome-Sixtijnse-Kapel-Laatste-Oordeel.jpg,_haystack/other/06E1D16E2BFB96644F645AB50D959058466F6789.jpg,0
_needle/SixtijnseKapel/Rome-Sixtijnse-Kapel-Laatste-Oordeel.jpg,_haystack/other/1C78C8BF716B89746A1F36F486CFFD308BFB40DD.jpg,0
_needle/SixtijnseKapel/Rome-Sixtijnse-Kapel-Laatste-Oordeel.jpg,_haystack/other/7B382B724B4267865758837895721A5DDAAE2E16.jpg,0
_needle/SixtijnseKapel/Rome-Sixtijnse-Kapel-Laatste-Oordeel.jpg,_haystack/other/0AAD89BACFE6AA8FF50EC6E42D1AA5534B99685E.jpg,0
_needle/SixtijnseKapel/Rome-Sixtijnse-Kapel-Laatste-Oordeel.jpg,_haystack/other/6E38A0B834C94FD1930D5E6115F6522FAFB8FBD7.jpg,0
_needle/SixtijnseKapel/Rome-Sixtijnse-Kapel-Laatste-Oordeel.jpg,_haystack/other/3A1404853A3D04C073BBCE1E63DC75499855355E.jpg,0
_needle/SixtijnseKapel/Rome-Sixtijnse-Kapel-Laatste-Oordeel.jpg,_haystack/other/7F50AA4FBDCF75F01B9ACF41B8393DEB11F24087.jpg,0
_needle/SixtijnseKapel/Rome-Sixtijnse-Kapel-Laatste-Oordeel.jpg,_haystack/other/5B915A4A034AD6673CAA30323A079FFB9F9C53AA.jpg,0
_needle/SixtijnseKapel/Rome-Sixtijnse-Kapel-Laatste-Oordeel.jpg,_haystack/other/43E9346F7E50F7BDC50B40C00D6D46CE37C53089.jpg,0
_needle/SixtijnseKapel/Rome-Sixtijnse-Kapel-Laatste-Oordeel.jpg,_haystack/other/18EF6748E3B6712409EDB8FD26FDD8ECBDAEFD94.jpg,0
_needle/SixtijnseKapel/Rome-Sixtijnse-Kapel-Laatste-Oordeel.jpg,_haystack/other/2C70CFF53434D9ABEEDAED293D6D3297B1200F1A.jpg,0
_needle/SixtijnseKapel/Rome-Sixtijnse-Kapel-Laatste-Oordeel.jpg,_haystack/other/0F1D2F7A7BF6856AF15A7C4E14227D7DAF2E0FA1.jpg,0
_needle/SixtijnseKapel/Rome-Sixtijnse-Kapel-Laatste-Oordeel.jpg,_haystack/other/6A805FFA6B533FBC3DB8B5F950034B632DCCFB0B.jpg,0
_needle/SixtijnseKapel/Rome-Sixtijnse-Kapel-Laatste-Oordeel.jpg,_haystack/other/7BB3653FAC3A2198B9DD64C12E6CB3DFE5C54F1F.jpg,0
_needle/SixtijnseKapel/Rome-Sixtijnse-Kapel-Laatste-Oordeel.jpg,_haystack/SixtijnseKapel/1e.jpg,1
_needle/SixtijnseKapel/Rome-Sixtijnse-Kapel-Laatste-Oordeel.jpg,_haystack/SixtijnseKapel/bb9dd49f81cfec3d82161b73213a283945f12254_judgement-01.jpg,1
_needle/SixtijnseKapel/Rome-Sixtijnse-Kapel-Laatste-Oordeel.jpg,_haystack/SixtijnseKapel/25976.jpg,1
_needle/SixtijnseKapel/Rome-Sixtijnse-Kapel-Laatste-Oordeel.jpg,_haystack/ponte_di_verona/48490591-ponte-di-pietra-brug-in-verona-in-een-zomerse-dag-italië-.jpg,0
_needle/SixtijnseKapel/Rome-Sixtijnse-Kapel-Laatste-Oordeel.jpg,_haystack/ponte_di_verona/images.jpg,0
_needle/SixtijnseKapel/Rome-Sixtijnse-Kapel-Laatste-Oordeel.jpg,_haystack/palazzo_Bartolini_Salimbeni_Firenze/3f74dcd8c86248f7c078bc4beb56235a.jpg,0
_needle/SixtijnseKapel/Rome-Sixtijnse-Kapel-Laatste-Oordeel.jpg,_haystack/palazzo_Bartolini_Salimbeni_Firenze/l-italia-toscana-firenze-piazza-santa-trinita-e-palazzo-bartolini-salimbeni-di-notte-je710j.jpg,0
_needle/SixtijnseKapel/Rome-Sixtijnse-Kapel-Laatste-Oordeel.jpg,_haystack/palazzo_Bartolini_Salimbeni_Firenze/italy-toscana-tuscany-firenze-florence-piazza-santa-trinita-palazzo-bartolini-salimbeni-XBY2F2.jpg,0
_needle/SixtijnseKapel/Rome-Sixtijnse-Kapel-Laatste-Oordeel.jpg,_haystack/palazzo_Bartolini_Salimbeni_Firenze/Firenze_-_Florence_-_Piazza_Santa_Trìnita_-_View_East_on_Palazzo_Bartolini_Salimbeni_1523_by_Baccio_d_Agnolo.jpg,0
_needle/SixtijnseKapel/Rome-Sixtijnse-Kapel-Laatste-Oordeel.jpg,_haystack/palazzo_Bartolini_Salimbeni_Firenze/16951476119_b0359cc13c_b.jpg,0
_needle/SixtijnseKapel/Rome-Sixtijnse-Kapel-Laatste-Oordeel.jpg,_haystack/StoelMondriaan/download (3).jpg,0
_needle/SixtijnseKapel/Rome-Sixtijnse-Kapel-Laatste-Oordeel.jpg,_haystack/StoelMondriaan/rood-blauwe-stoel-van-gerrit-thomas-rietveld.jpg,0
_needle/SixtijnseKapel/Rome-Sixtijnse-Kapel-Laatste-Oordeel.jpg,_haystack/Volta_Pantheon/pantheon01.jpg,0
_needle/SixtijnseKapel/Rome-Sixtijnse-Kapel-Laatste-Oordeel.jpg,_haystack/Volta_Pantheon/Pantheon-Rome-interior-3.jpg,0
_needle/SixtijnseKapel/Rome-Sixtijnse-Kapel-Laatste-Oordeel.jpg,_haystack/Avondmaal/download (5).jpg,0
_needle/SixtijnseKapel/Rome-Sixtijnse-Kapel-Laatste-Oordeel.jpg,_haystack/Avondmaal/images.jpg,0
_needle/SixtijnseKapel/Rome-Sixtijnse-Kapel-Laatste-Oordeel.jpg,_haystack/Hooiwagen/2048x1152 (1).jpg,0
_needle/SixtijnseKapel/Rome-Sixtijnse-Kapel-Laatste-Oordeel.jpg,_haystack/Hooiwagen/jb17.jpg,0
_needle/SixtijnseKapel/Rome-Sixtijnse-Kapel-Laatste-Oordeel.jpg,_haystack/Hooiwagen/download (2).jpg,0
_needle/ponte_di_verona/D00080TargetImage.jpg,_haystack/Eifel/2e6eebee20804cacab6d5cb9ecac49c6 (2).jpg,0
_needle/ponte_di_verona/D00080TargetImage.jpg,_haystack/Eifel/depositphotos_171783652-stock-photo-girl-looking-at-the-eiffel.jpg,0
_needle/ponte_di_verona/D00080TargetImage.jpg,_haystack/Eifel/fc (1).jpg,0
_needle/ponte_di_verona/D00080TargetImage.jpg,_haystack/chiostro_santa_Maria_del_Gesù/santa_maria_gesu.jpg,0
_needle/ponte_di_verona/D00080TargetImage.jpg,_haystack/chiostro_santa_Maria_del_Gesù/bta02101.jpg,0
_needle/ponte_di_verona/D00080TargetImage.jpg,_haystack/chiostro_santa_Maria_del_Gesù/Santa_Maria_del_Gesù_a_Modica.jpg,0
_needle/ponte_di_verona/D00080TargetImage.jpg,_haystack/chiostro_santa_Maria_del_Gesù/2045-09-28-14-9426.jpg,0
_needle/ponte_di_verona/D00080TargetImage.jpg,_haystack/chiostro_santa_Maria_del_Gesù/chiostrosantamariadelgesu_modica_033.jpg,0
_needle/ponte_di_verona/D00080TargetImage.jpg,_haystack/Denker/auguste-rodin-denker-560.jpg,0
_needle/ponte_di_verona/D00080TargetImage.jpg,_haystack/other/1DCDC7B9A77AF1CD5D922B1657A20A2E6F5D3884.jpg,0
_needle/ponte_di_verona/D00080TargetImage.jpg,_haystack/other/0DED3CAB2CF04ACFB104A663D78BC12B3DC7802B.jpg,0
_needle/ponte_di_verona/D00080TargetImage.jpg,_haystack/other/9C96D629F61301D1A3432552DF5D6024DB8460CC.jpg,0
_needle/ponte_di_verona/D00080TargetImage.jpg,_haystack/other/2F66EA36D3685312058C62F344836DE17C811F63.jpg,0
_needle/ponte_di_verona/D00080TargetImage.jpg,_haystack/other/3EB020482CC58097D232E7D81A0F0F9A1F74DF3F.jpg,0
_needle/ponte_di_verona/D00080TargetImage.jpg,_haystack/other/4B1F27BFC6278DC921BDF41BB4153E35917A2E1A.jpg,0
_needle/ponte_di_verona/D00080TargetImage.jpg,_haystack/other/6D5433D78F86510DFC21C5244D86028C2961E506.jpg,0
_needle/ponte_di_verona/D00080TargetImage.jpg,_haystack/other/7D364FF8495ED9835C33DB825ACEA7EA75974AE4.jpg,0
_needle/ponte_di_verona/D00080TargetImage.jpg,_haystack/other/1D0BC6C50061317CD281010B0C4DF604A1E1DC63.jpg,0
_needle/ponte_di_verona/D00080TargetImage.jpg,_haystack/other/9A187B7DBD5C85125FA02F7FC8F2C6A67BF92B0C.jpg,0
_needle/ponte_di_verona/D00080TargetImage.jpg,_haystack/other/6EAF7C36444A71D54EC40456A36FEA8EA7856EB6.jpg,0
_needle/ponte_di_verona/D00080TargetImage.jpg,_haystack/other/49B23A228F2A9F21DF5B1C260007663952B0156A.jpg,0
_needle/ponte_di_verona/D00080TargetImage.jpg,_haystack/other/4B388D71636175BF1AC7E06627AEAE55CF87F94E.jpg,0
_needle/ponte_di_verona/D00080TargetImage.jpg,_haystack/other/3EB7ACC6C32EB91F3095E89B10AFCA80BD9A82C1.jpg,0
_needle/ponte_di_verona/D00080TargetImage.jpg,_haystack/other/9A990367286B3F40CB1E65900C92F6092113439C.jpg,0
_needle/ponte_di_verona/D00080TargetImage.jpg,_haystack/other/4C6840FCB91CFCD00E0AD0CC2F1163D0C1444DA7.jpg,0
_needle/ponte_di_verona/D00080TargetImage.jpg,_haystack/other/7F42AE7C6D0C15D1026CDFF7AC682F1A5CBB13F1.jpg,0
_needle/ponte_di_verona/D00080TargetImage.jpg,_haystack/other/5AD1375E27679FD438A7C9458C4319555387A7F1.jpg,0
_needle/ponte_di_verona/D00080TargetImage.jpg,_haystack/other/5E19CCB453CF86E7D66F2995663727C4FEA4F6DE.jpg,0
_needle/ponte_di_verona/D00080TargetImage.jpg,_haystack/other/4C663E85BBBCADE94B626156B73968A7E253AD7E.jpg,0
_needle/ponte_di_verona/D00080TargetImage.jpg,_haystack/other/29BE6DF8BB02339529783B051CAE8AC462C53350.jpg,0
_needle/ponte_di_verona/D00080TargetImage.jpg,_haystack/other/6E0A9E180F45B08D1A00D73B4A5D12CA5D507DA8.jpg,0
_needle/ponte_di_verona/D00080TargetImage.jpg,_haystack/other/06E1D16E2BFB96644F645AB50D959058466F6789.jpg,0
_needle/ponte_di_verona/D00080TargetImage.jpg,_haystack/other/1C78C8BF716B89746A1F36F486CFFD308BFB40DD.jpg,0
_needle/ponte_di_verona/D00080TargetImage.jpg,_haystack/other/7B382B724B4267865758837895721A5DDAAE2E16.jpg,0
_needle/ponte_di_verona/D00080TargetImage.jpg,_haystack/other/0AAD89BACFE6AA8FF50EC6E42D1AA5534B99685E.jpg,0
_needle/ponte_di_verona/D00080TargetImage.jpg,_haystack/other/6E38A0B834C94FD1930D5E6115F6522FAFB8FBD7.jpg,0
_needle/ponte_di_verona/D00080TargetImage.jpg,_haystack/other/3A1404853A3D04C073BBCE1E63DC75499855355E.jpg,0
_needle/ponte_di_verona/D00080TargetImage.jpg,_haystack/other/7F50AA4FBDCF75F01B9ACF41B8393DEB11F24087.jpg,0
_needle/ponte_di_verona/D00080TargetImage.jpg,_haystack/other/5B915A4A034AD6673CAA30323A079FFB9F9C53AA.jpg,0
_needle/ponte_di_verona/D00080TargetImage.jpg,_haystack/other/43E9346F7E50F7BDC50B40C00D6D46CE37C53089.jpg,0
_needle/ponte_di_verona/D00080TargetImage.jpg,_haystack/other/18EF6748E3B6712409EDB8FD26FDD8ECBDAEFD94.jpg,0
_needle/ponte_di_verona/D00080TargetImage.jpg,_haystack/other/2C70CFF53434D9ABEEDAED293D6D3297B1200F1A.jpg,0
_needle/ponte_di_verona/D00080TargetImage.jpg,_haystack/other/0F1D2F7A7BF6856AF15A7C4E14227D7DAF2E0FA1.jpg,0
_needle/ponte_di_verona/D00080TargetImage.jpg,_haystack/other/6A805FFA6B533FBC3DB8B5F950034B632DCCFB0B.jpg,0
_needle/ponte_di_verona/D00080TargetImage.jpg,_haystack/other/7BB3653FAC3A2198B9DD64C12E6CB3DFE5C54F1F.jpg,0
_needle/ponte_di_verona/D00080TargetImage.jpg,_haystack/SixtijnseKapel/1e.jpg,0
_needle/ponte_di_verona/D00080TargetImage.jpg,_haystack/SixtijnseKapel/bb9dd49f81cfec3d82161b73213a283945f12254_judgement-01.jpg,0
_needle/ponte_di_verona/D00080TargetImage.jpg,_haystack/SixtijnseKapel/25976.jpg,0
_needle/ponte_di_verona/D00080TargetImage.jpg,_haystack/ponte_di_verona/48490591-ponte-di-pietra-brug-in-verona-in-een-zomerse-dag-italië-.jpg,1
_needle/ponte_di_verona/D00080TargetImage.jpg,_haystack/ponte_di_verona/images.jpg,1
_needle/ponte_di_verona/D00080TargetImage.jpg,_haystack/palazzo_Bartolini_Salimbeni_Firenze/3f74dcd8c86248f7c078bc4beb56235a.jpg,0
_needle/ponte_di_verona/D00080TargetImage.jpg,_haystack/palazzo_Bartolini_Salimbeni_Firenze/l-italia-toscana-firenze-piazza-santa-trinita-e-palazzo-bartolini-salimbeni-di-notte-je710j.jpg,0
_needle/ponte_di_verona/D00080TargetImage.jpg,_haystack/palazzo_Bartolini_Salimbeni_Firenze/italy-toscana-tuscany-firenze-florence-piazza-santa-trinita-palazzo-bartolini-salimbeni-XBY2F2.jpg,0
_needle/ponte_di_verona/D00080TargetImage.jpg,_haystack/palazzo_Bartolini_Salimbeni_Firenze/Firenze_-_Florence_-_Piazza_Santa_Trìnita_-_View_East_on_Palazzo_Bartolini_Salimbeni_1523_by_Baccio_d_Agnolo.jpg,0
_needle/ponte_di_verona/D00080TargetImage.jpg,_haystack/palazzo_Bartolini_Salimbeni_Firenze/16951476119_b0359cc13c_b.jpg,0
_needle/ponte_di_verona/D00080TargetImage.jpg,_haystack/StoelMondriaan/download (3).jpg,0
_needle/ponte_di_verona/D00080TargetImage.jpg,_haystack/StoelMondriaan/rood-blauwe-stoel-van-gerrit-thomas-rietveld.jpg,0
_needle/ponte_di_verona/D00080TargetImage.jpg,_haystack/Volta_Pantheon/pantheon01.jpg,0
_needle/ponte_di_verona/D00080TargetImage.jpg,_haystack/Volta_Pantheon/Pantheon-Rome-interior-3.jpg,0
_needle/ponte_di_verona/D00080TargetImage.jpg,_haystack/Avondmaal/download (5).jpg,0
_needle/ponte_di_verona/D00080TargetImage.jpg,_haystack/Avondmaal/images.jpg,0
_needle/ponte_di_verona/D00080TargetImage.jpg,_haystack/Hooiwagen/2048x1152 (1).jpg,0
_needle/ponte_di_verona/D00080TargetImage.jpg,_haystack/Hooiwagen/jb17.jpg,0
_needle/ponte_di_verona/D00080TargetImage.jpg,_haystack/Hooiwagen/download (2).jpg,0
_needle/palazzo_Bartolini_Salimbeni_Firenze/D00224TargetImage.jpg,_haystack/Eifel/2e6eebee20804cacab6d5cb9ecac49c6 (2).jpg,0
_needle/palazzo_Bartolini_Salimbeni_Firenze/D00224TargetImage.jpg,_haystack/Eifel/depositphotos_171783652-stock-photo-girl-looking-at-the-eiffel.jpg,0
_needle/palazzo_Bartolini_Salimbeni_Firenze/D00224TargetImage.jpg,_haystack/Eifel/fc (1).jpg,0
_needle/palazzo_Bartolini_Salimbeni_Firenze/D00224TargetImage.jpg,_haystack/chiostro_santa_Maria_del_Gesù/santa_maria_gesu.jpg,0
_needle/palazzo_Bartolini_Salimbeni_Firenze/D00224TargetImage.jpg,_haystack/chiostro_santa_Maria_del_Gesù/bta02101.jpg,0
_needle/palazzo_Bartolini_Salimbeni_Firenze/D00224TargetImage.jpg,_haystack/chiostro_santa_Maria_del_Gesù/Santa_Maria_del_Gesù_a_Modica.jpg,0
_needle/palazzo_Bartolini_Salimbeni_Firenze/D00224TargetImage.jpg,_haystack/chiostro_santa_Maria_del_Gesù/2045-09-28-14-9426.jpg,0
_needle/palazzo_Bartolini_Salimbeni_Firenze/D00224TargetImage.jpg,_haystack/chiostro_santa_Maria_del_Gesù/chiostrosantamariadelgesu_modica_033.jpg,0
_needle/palazzo_Bartolini_Salimbeni_Firenze/D00224TargetImage.jpg,_haystack/Denker/auguste-rodin-denker-560.jpg,0
_needle/palazzo_Bartolini_Salimbeni_Firenze/D00224TargetImage.jpg,_haystack/other/1DCDC7B9A77AF1CD5D922B1657A20A2E6F5D3884.jpg,0
_needle/palazzo_Bartolini_Salimbeni_Firenze/D00224TargetImage.jpg,_haystack/other/0DED3CAB2CF04ACFB104A663D78BC12B3DC7802B.jpg,0
_needle/palazzo_Bartolini_Salimbeni_Firenze/D00224TargetImage.jpg,_haystack/other/9C96D629F61301D1A3432552DF5D6024DB8460CC.jpg,0
_needle/palazzo_Bartolini_Salimbeni_Firenze/D00224TargetImage.jpg,_haystack/other/2F66EA36D3685312058C62F344836DE17C811F63.jpg,0
_needle/palazzo_Bartolini_Salimbeni_Firenze/D00224TargetImage.jpg,_haystack/other/3EB020482CC58097D232E7D81A0F0F9A1F74DF3F.jpg,0
_needle/palazzo_Bartolini_Salimbeni_Firenze/D00224TargetImage.jpg,_haystack/other/4B1F27BFC6278DC921BDF41BB4153E35917A2E1A.jpg,0
_needle/palazzo_Bartolini_Salimbeni_Firenze/D00224TargetImage.jpg,_haystack/other/6D5433D78F86510DFC21C5244D86028C2961E506.jpg,0
_needle/palazzo_Bartolini_Salimbeni_Firenze/D00224TargetImage.jpg,_haystack/other/7D364FF8495ED9835C33DB825ACEA7EA75974AE4.jpg,0
_needle/palazzo_Bartolini_Salimbeni_Firenze/D00224TargetImage.jpg,_haystack/other/1D0BC6C50061317CD281010B0C4DF604A1E1DC63.jpg,0
_needle/palazzo_Bartolini_Salimbeni_Firenze/D00224TargetImage.jpg,_haystack/other/9A187B7DBD5C85125FA02F7FC8F2C6A67BF92B0C.jpg,0
_needle/palazzo_Bartolini_Salimbeni_Firenze/D00224TargetImage.jpg,_haystack/other/6EAF7C36444A71D54EC40456A36FEA8EA7856EB6.jpg,0
_needle/palazzo_Bartolini_Salimbeni_Firenze/D00224TargetImage.jpg,_haystack/other/49B23A228F2A9F21DF5B1C260007663952B0156A.jpg,0
_needle/palazzo_Bartolini_Salimbeni_Firenze/D00224TargetImage.jpg,_haystack/other/4B388D71636175BF1AC7E06627AEAE55CF87F94E.jpg,0
_needle/palazzo_Bartolini_Salimbeni_Firenze/D00224TargetImage.jpg,_haystack/other/3EB7ACC6C32EB91F3095E89B10AFCA80BD9A82C1.jpg,0
_needle/palazzo_Bartolini_Salimbeni_Firenze/D00224TargetImage.jpg,_haystack/other/9A990367286B3F40CB1E65900C92F6092113439C.jpg,0
_needle/palazzo_Bartolini_Salimbeni_Firenze/D00224TargetImage.jpg,_haystack/other/4C6840FCB91CFCD00E0AD0CC2F1163D0C1444DA7.jpg,0
_needle/palazzo_Bartolini_Salimbeni_Firenze/D00224TargetImage.jpg,_haystack/other/7F42AE7C6D0C15D1026CDFF7AC682F1A5CBB13F1.jpg,0
_needle/palazzo_Bartolini_Salimbeni_Firenze/D00224TargetImage.jpg,_haystack/other/5AD1375E27679FD438A7C9458C4319555387A7F1.jpg,0
_needle/palazzo_Bartolini_Salimbeni_Firenze/D00224TargetImage.jpg,_haystack/other/5E19CCB453CF86E7D66F2995663727C4FEA4F6DE.jpg,0
_needle/palazzo_Bartolini_Salimbeni_Firenze/D00224TargetImage.jpg,_haystack/other/4C663E85BBBCADE94B626156B73968A7E253AD7E.jpg,0
_needle/palazzo_Bartolini_Salimbeni_Firenze/D00224TargetImage.jpg,_haystack/other/29BE6DF8BB02339529783B051CAE8AC462C53350.jpg,0
_needle/palazzo_Bartolini_Salimbeni_Firenze/D00224TargetImage.jpg,_haystack/other/6E0A9E180F45B08D1A00D73B4A5D12CA5D507DA8.jpg,0
_needle/palazzo_Bartolini_Salimbeni_Firenze/D00224TargetImage.jpg,_haystack/other/06E1D16E2BFB96644F645AB50D959058466F6789.jpg,0
_needle/palazzo_Bartolini_Salimbeni_Firenze/D00224TargetImage.jpg,_haystack/other/1C78C8BF716B89746A1F36F486CFFD308BFB40DD.jpg,0
_needle/palazzo_Bartolini_Salimbeni_Firenze/D00224TargetImage.jpg,_haystack/other/7B382B724B4267865758837895721A5DDAAE2E16.jpg,0
_needle/palazzo_Bartolini_Salimbeni_Firenze/D00224TargetImage.jpg,_haystack/other/0AAD89BACFE6AA8FF50EC6E42D1AA5534B99685E.jpg,0
_needle/palazzo_Bartolini_Salimbeni_Firenze/D00224TargetImage.jpg,_haystack/other/6E38A0B834C94FD1930D5E6115F6522FAFB8FBD7.jpg,0
_needle/palazzo_Bartolini_Salimbeni_Firenze/D00224TargetImage.jpg,_haystack/other/3A1404853A3D04C073BBCE1E63DC75499855355E.jpg,0
_needle/palazzo_Bartolini_Salimbeni_Firenze/D00224TargetImage.jpg,_haystack/other/7F50AA4FBDCF75F01B9ACF41B8393DEB11F24087.jpg,0
_needle/palazzo_Bartolini_Salimbeni_Firenze/D00224TargetImage.jpg,_haystack/other/5B915A4A034AD6673CAA30323A079FFB9F9C53AA.jpg,0
_needle/palazzo_Bartolini_Salimbeni_Firenze/D00224TargetImage.jpg,_haystack/other/43E9346F7E50F7BDC50B40C00D6D46CE37C53089.jpg,0
_needle/palazzo_Bartolini_Salimbeni_Firenze/D00224TargetImage.jpg,_haystack/other/18EF6748E3B6712409EDB8FD26FDD8ECBDAEFD94.jpg,0
_needle/palazzo_Bartolini_Salimbeni_Firenze/D00224TargetImage.jpg,_haystack/other/2C70CFF53434D9ABEEDAED293D6D3297B1200F1A.jpg,0
_needle/palazzo_Bartolini_Salimbeni_Firenze/D00224TargetImage.jpg,_haystack/other/0F1D2F7A7BF6856AF15A7C4E14227D7DAF2E0FA1.jpg,0
_needle/palazzo_Bartolini_Salimbeni_Firenze/D00224TargetImage.jpg,_haystack/other/6A805FFA6B533FBC3DB8B5F950034B632DCCFB0B.jpg,0
_needle/palazzo_Bartolini_Salimbeni_Firenze/D00224TargetImage.jpg,_haystack/other/7BB3653FAC3A2198B9DD64C12E6CB3DFE5C54F1F.jpg,0
_needle/palazzo_Bartolini_Salimbeni_Firenze/D00224TargetImage.jpg,_haystack/SixtijnseKapel/1e.jpg,0
_needle/palazzo_Bartolini_Salimbeni_Firenze/D00224TargetImage.jpg,_haystack/SixtijnseKapel/bb9dd49f81cfec3d82161b73213a283945f12254_judgement-01.jpg,0
_needle/palazzo_Bartolini_Salimbeni_Firenze/D00224TargetImage.jpg,_haystack/SixtijnseKapel/25976.jpg,0
_needle/palazzo_Bartolini_Salimbeni_Firenze/D00224TargetImage.jpg,_haystack/ponte_di_verona/48490591-ponte-di-pietra-brug-in-verona-in-een-zomerse-dag-italië-.jpg,0
_needle/palazzo_Bartolini_Salimbeni_Firenze/D00224TargetImage.jpg,_haystack/ponte_di_verona/images.jpg,0
_needle/palazzo_Bartolini_Salimbeni_Firenze/D00224TargetImage.jpg,_haystack/palazzo_Bartolini_Salimbeni_Firenze/3f74dcd8c86248f7c078bc4beb56235a.jpg,1
_needle/palazzo_Bartolini_Salimbeni_Firenze/D00224TargetImage.jpg,_haystack/palazzo_Bartolini_Salimbeni_Firenze/l-italia-toscana-firenze-piazza-santa-trinita-e-palazzo-bartolini-salimbeni-di-notte-je710j.jpg,1
_needle/palazzo_Bartolini_Salimbeni_Firenze/D00224TargetImage.jpg,_haystack/palazzo_Bartolini_Salimbeni_Firenze/italy-toscana-tuscany-firenze-florence-piazza-santa-trinita-palazzo-bartolini-salimbeni-XBY2F2.jpg,1
_needle/palazzo_Bartolini_Salimbeni_Firenze/D00224TargetImage.jpg,_haystack/palazzo_Bartolini_Salimbeni_Firenze/Firenze_-_Florence_-_Piazza_Santa_Trìnita_-_View_East_on_Palazzo_Bartolini_Salimbeni_1523_by_Baccio_d_Agnolo.jpg,1
_needle/palazzo_Bartolini_Salimbeni_Firenze/D00224TargetImage.jpg,_haystack/palazzo_Bartolini_Salimbeni_Firenze/16951476119_b0359cc13c_b.jpg,1
_needle/palazzo_Bartolini_Salimbeni_Firenze/D00224TargetImage.jpg,_haystack/StoelMondriaan/download (3).jpg,0
_needle/palazzo_Bartolini_Salimbeni_Firenze/D00224TargetImage.jpg,_haystack/StoelMondriaan/rood-blauwe-stoel-van-gerrit-thomas-rietveld.jpg,0
_needle/palazzo_Bartolini_Salimbeni_Firenze/D00224TargetImage.jpg,_haystack/Volta_Pantheon/pantheon01.jpg,0
_needle/palazzo_Bartolini_Salimbeni_Firenze/D00224TargetImage.jpg,_haystack/Volta_Pantheon/Pantheon-Rome-interior-3.jpg,0
_needle/palazzo_Bartolini_Salimbeni_Firenze/D00224TargetImage.jpg,_haystack/Avondmaal/download (5).jpg,0
_needle/palazzo_Bartolini_Salimbeni_Firenze/D00224TargetImage.jpg,_haystack/Avondmaal/images.jpg,0
_needle/palazzo_Bartolini_Salimbeni_Firenze/D00224TargetImage.jpg,_haystack/Hooiwagen/2048x1152 (1).jpg,0
_needle/palazzo_Bartolini_Salimbeni_Firenze/D00224TargetImage.jpg,_haystack/Hooiwagen/jb17.jpg,0
_needle/palazzo_Bartolini_Salimbeni_Firenze/D00224TargetImage.jpg,_haystack/Hooiwagen/download (2).jpg,0
_needle/StoelMondriaan/chairmond.jpg,_haystack/Eifel/2e6eebee20804cacab6d5cb9ecac49c6 (2).jpg,0
_needle/StoelMondriaan/chairmond.jpg,_haystack/Eifel/depositphotos_171783652-stock-photo-girl-looking-at-the-eiffel.jpg,0
_needle/StoelMondriaan/chairmond.jpg,_haystack/Eifel/fc (1).jpg,0
_needle/StoelMondriaan/chairmond.jpg,_haystack/chiostro_santa_Maria_del_Gesù/santa_maria_gesu.jpg,0
_needle/StoelMondriaan/chairmond.jpg,_haystack/chiostro_santa_Maria_del_Gesù/bta02101.jpg,0
_needle/StoelMondriaan/chairmond.jpg,_haystack/chiostro_santa_Maria_del_Gesù/Santa_Maria_del_Gesù_a_Modica.jpg,0
_needle/StoelMondriaan/chairmond.jpg,_haystack/chiostro_santa_Maria_del_Gesù/2045-09-28-14-9426.jpg,0
_needle/StoelMondriaan/chairmond.jpg,_haystack/chiostro_santa_Maria_del_Gesù/chiostrosantamariadelgesu_modica_033.jpg,0
_needle/StoelMondriaan/chairmond.jpg,_haystack/Denker/auguste-rodin-denker-560.jpg,0
_needle/StoelMondriaan/chairmond.jpg,_haystack/other/1DCDC7B9A77AF1CD5D922B1657A20A2E6F5D3884.jpg,0
_needle/StoelMondriaan/chairmond.jpg,_haystack/other/0DED3CAB2CF04ACFB104A663D78BC12B3DC7802B.jpg,0
_needle/StoelMondriaan/chairmond.jpg,_haystack/other/9C96D629F61301D1A3432552DF5D6024DB8460CC.jpg,0
_needle/StoelMondriaan/chairmond.jpg,_haystack/other/2F66EA36D3685312058C62F344836DE17C811F63.jpg,0
_needle/StoelMondriaan/chairmond.jpg,_haystack/other/3EB020482CC58097D232E7D81A0F0F9A1F74DF3F.jpg,0
_needle/StoelMondriaan/chairmond.jpg,_haystack/other/4B1F27BFC6278DC921BDF41BB4153E35917A2E1A.jpg,0
_needle/StoelMondriaan/chairmond.jpg,_haystack/other/6D5433D78F86510DFC21C5244D86028C2961E506.jpg,0
_needle/StoelMondriaan/chairmond.jpg,_haystack/other/7D364FF8495ED9835C33DB825ACEA7EA75974AE4.jpg,0
_needle/StoelMondriaan/chairmond.jpg,_haystack/other/1D0BC6C50061317CD281010B0C4DF604A1E1DC63.jpg,0
_needle/StoelMondriaan/chairmond.jpg,_haystack/other/9A187B7DBD5C85125FA02F7FC8F2C6A67BF92B0C.jpg,0
_needle/StoelMondriaan/chairmond.jpg,_haystack/other/6EAF7C36444A71D54EC40456A36FEA8EA7856EB6.jpg,0
_needle/StoelMondriaan/chairmond.jpg,_haystack/other/49B23A228F2A9F21DF5B1C260007663952B0156A.jpg,0
_needle/StoelMondriaan/chairmond.jpg,_haystack/other/4B388D71636175BF1AC7E06627AEAE55CF87F94E.jpg,0
_needle/StoelMondriaan/chairmond.jpg,_haystack/other/3EB7ACC6C32EB91F3095E89B10AFCA80BD9A82C1.jpg,0
_needle/StoelMondriaan/chairmond.jpg,_haystack/other/9A990367286B3F40CB1E65900C92F6092113439C.jpg,0
_needle/StoelMondriaan/chairmond.jpg,_haystack/other/4C6840FCB91CFCD00E0AD0CC2F1163D0C1444DA7.jpg,0
_needle/StoelMondriaan/chairmond.jpg,_haystack/other/7F42AE7C6D0C15D1026CDFF7AC682F1A5CBB13F1.jpg,0
_needle/StoelMondriaan/chairmond.jpg,_haystack/other/5AD1375E27679FD438A7C9458C4319555387A7F1.jpg,0
_needle/StoelMondriaan/chairmond.jpg,_haystack/other/5E19CCB453CF86E7D66F2995663727C4FEA4F6DE.jpg,0
_needle/StoelMondriaan/chairmond.jpg,_haystack/other/4C663E85BBBCADE94B626156B73968A7E253AD7E.jpg,0
_needle/StoelMondriaan/chairmond.jpg,_haystack/other/29BE6DF8BB02339529783B051CAE8AC462C53350.jpg,0
_needle/StoelMondriaan/chairmond.jpg,_haystack/other/6E0A9E180F45B08D1A00D73B4A5D12CA5D507DA8.jpg,0
_needle/StoelMondriaan/chairmond.jpg,_haystack/other/06E1D16E2BFB96644F645AB50D959058466F6789.jpg,0
_needle/StoelMondriaan/chairmond.jpg,_haystack/other/1C78C8BF716B89746A1F36F486CFFD308BFB40DD.jpg,0
_needle/StoelMondriaan/chairmond.jpg,_haystack/other/7B382B724B4267865758837895721A5DDAAE2E16.jpg,0
_needle/StoelMondriaan/chairmond.jpg,_haystack/other/0AAD89BACFE6AA8FF50EC6E42D1AA5534B99685E.jpg,0
_needle/StoelMondriaan/chairmond.jpg,_haystack/other/6E38A0B834C94FD1930D5E6115F6522FAFB8FBD7.jpg,0
_needle/StoelMondriaan/chairmond.jpg,_haystack/other/3A1404853A3D04C073BBCE1E63DC75499855355E.jpg,0
_needle/StoelMondriaan/chairmond.jpg,_haystack/other/7F50AA4FBDCF75F01B9ACF41B8393DEB11F24087.jpg,0
_needle/StoelMondriaan/chairmond.jpg,_haystack/other/5B915A4A034AD6673CAA30323A079FFB9F9C53AA.jpg,0
_needle/StoelMondriaan/chairmond.jpg,_haystack/other/43E9346F7E50F7BDC50B40C00D6D46CE37C53089.jpg,0
_needle/StoelMondriaan/chairmond.jpg,_haystack/other/18EF6748E3B6712409EDB8FD26FDD8ECBDAEFD94.jpg,0
_needle/StoelMondriaan/chairmond.jpg,_haystack/other/2C70CFF53434D9ABEEDAED293D6D3297B1200F1A.jpg,0
_needle/StoelMondriaan/chairmond.jpg,_haystack/other/0F1D2F7A7BF6856AF15A7C4E14227D7DAF2E0FA1.jpg,0
_needle/StoelMondriaan/chairmond.jpg,_haystack/other/6A805FFA6B533FBC3DB8B5F950034B632DCCFB0B.jpg,0
_needle/StoelMondriaan/chairmond.jpg,_haystack/other/7BB3653FAC3A2198B9DD64C12E6CB3DFE5C54F1F.jpg,0
_needle/StoelMondriaan/chairmond.jpg,_haystack/SixtijnseKapel/1e.jpg,0
_needle/StoelMondriaan/chairmond.jpg,_haystack/SixtijnseKapel/bb9dd49f81cfec3d82161b73213a283945f12254_judgement-01.jpg,0
_needle/StoelMondriaan/chairmond.jpg,_haystack/SixtijnseKapel/25976.jpg,0
_needle/StoelMondriaan/chairmond.jpg,_haystack/ponte_di_verona/48490591-ponte-di-pietra-brug-in-verona-in-een-zomerse-dag-italië-.jpg,0
_needle/StoelMondriaan/chairmond.jpg,_haystack/ponte_di_verona/images.jpg,0
_needle/StoelMondriaan/chairmond.jpg,_haystack/palazzo_Bartolini_Salimbeni_Firenze/3f74dcd8c86248f7c078bc4beb56235a.jpg,0
_needle/StoelMondriaan/chairmond.jpg,_haystack/palazzo_Bartolini_Salimbeni_Firenze/l-italia-toscana-firenze-piazza-santa-trinita-e-palazzo-bartolini-salimbeni-di-notte-je710j.jpg,0
_needle/StoelMondriaan/chairmond.jpg,_haystack/palazzo_Bartolini_Salimbeni_Firenze/italy-toscana-tuscany-firenze-florence-piazza-santa-trinita-palazzo-bartolini-salimbeni-XBY2F2.jpg,0
_needle/StoelMondriaan/chairmond.jpg,_haystack/palazzo_Bartolini_Salimbeni_Firenze/Firenze_-_Florence_-_Piazza_Santa_Trìnita_-_View_East_on_Palazzo_Bartolini_Salimbeni_1523_by_Baccio_d_Agnolo.jpg,0
_needle/StoelMondriaan/chairmond.jpg,_haystack/palazzo_Bartolini_Salimbeni_Firenze/16951476119_b0359cc13c_b.jpg,0
_needle/StoelMondriaan/chairmond.jpg,_haystack/StoelMondriaan/download (3).jpg,1
_needle/StoelMondriaan/chairmond.jpg,_haystack/StoelMondriaan/rood-blauwe-stoel-van-gerrit-thomas-rietveld.jpg,1
_needle/StoelMondriaan/chairmond.jpg,_haystack/Volta_Pantheon/pantheon01.jpg,0
_needle/StoelMondriaan/chairmond.jpg,_haystack/Volta_Pantheon/Pantheon-Rome-interior-3.jpg,0
_needle/StoelMondriaan/chairmond.jpg,_haystack/Avondmaal/download (5).jpg,0
_needle/StoelMondriaan/chairmond.jpg,_haystack/Avondmaal/images.jpg,0
_needle/StoelMondriaan/chairmond.jpg,_haystack/Hooiwagen/2048x1152 (1).jpg,0
_needle/StoelMondriaan/chairmond.jpg,_haystack/Hooiwagen/jb17.jpg,0
_needle/StoelMondriaan/chairmond.jpg,_haystack/Hooiwagen/download (2).jpg,0
_needle/Volta_Pantheon/D00236TargetImage.jpg,_haystack/Eifel/2e6eebee20804cacab6d5cb9ecac49c6 (2).jpg,0
_needle/Volta_Pantheon/D00236TargetImage.jpg,_haystack/Eifel/depositphotos_171783652-stock-photo-girl-looking-at-the-eiffel.jpg,0
_needle/Volta_Pantheon/D00236TargetImage.jpg,_haystack/Eifel/fc (1).jpg,0
_needle/Volta_Pantheon/D00236TargetImage.jpg,_haystack/chiostro_santa_Maria_del_Gesù/santa_maria_gesu.jpg,0
_needle/Volta_Pantheon/D00236TargetImage.jpg,_haystack/chiostro_santa_Maria_del_Gesù/bta02101.jpg,0
_needle/Volta_Pantheon/D00236TargetImage.jpg,_haystack/chiostro_santa_Maria_del_Gesù/Santa_Maria_del_Gesù_a_Modica.jpg,0
_needle/Volta_Pantheon/D00236TargetImage.jpg,_haystack/chiostro_santa_Maria_del_Gesù/2045-09-28-14-9426.jpg,0
_needle/Volta_Pantheon/D00236TargetImage.jpg,_haystack/chiostro_santa_Maria_del_Gesù/chiostrosantamariadelgesu_modica_033.jpg,0
_needle/Volta_Pantheon/D00236TargetImage.jpg,_haystack/Denker/auguste-rodin-denker-560.jpg,0
_needle/Volta_Pantheon/D00236TargetImage.jpg,_haystack/other/1DCDC7B9A77AF1CD5D922B1657A20A2E6F5D3884.jpg,0
_needle/Volta_Pantheon/D00236TargetImage.jpg,_haystack/other/0DED3CAB2CF04ACFB104A663D78BC12B3DC7802B.jpg,0
_needle/Volta_Pantheon/D00236TargetImage.jpg,_haystack/other/9C96D629F61301D1A3432552DF5D6024DB8460CC.jpg,0
_needle/Volta_Pantheon/D00236TargetImage.jpg,_haystack/other/2F66EA36D3685312058C62F344836DE17C811F63.jpg,0
_needle/Volta_Pantheon/D00236TargetImage.jpg,_haystack/other/3EB020482CC58097D232E7D81A0F0F9A1F74DF3F.jpg,0
_needle/Volta_Pantheon/D00236TargetImage.jpg,_haystack/other/4B1F27BFC6278DC921BDF41BB4153E35917A2E1A.jpg,0
_needle/Volta_Pantheon/D00236TargetImage.jpg,_haystack/other/6D5433D78F86510DFC21C5244D86028C2961E506.jpg,0
_needle/Volta_Pantheon/D00236TargetImage.jpg,_haystack/other/7D364FF8495ED9835C33DB825ACEA7EA75974AE4.jpg,0
_needle/Volta_Pantheon/D00236TargetImage.jpg,_haystack/other/1D0BC6C50061317CD281010B0C4DF604A1E1DC63.jpg,0
_needle/Volta_Pantheon/D00236TargetImage.jpg,_haystack/other/9A187B7DBD5C85125FA02F7FC8F2C6A67BF92B0C.jpg,0
_needle/Volta_Pantheon/D00236TargetImage.jpg,_haystack/other/6EAF7C36444A71D54EC40456A36FEA8EA7856EB6.jpg,0
_needle/Volta_Pantheon/D00236TargetImage.jpg,_haystack/other/49B23A228F2A9F21DF5B1C260007663952B0156A.jpg,0
_needle/Volta_Pantheon/D00236TargetImage.jpg,_haystack/other/4B388D71636175BF1AC7E06627AEAE55CF87F94E.jpg,0
_needle/Volta_Pantheon/D00236TargetImage.jpg,_haystack/other/3EB7ACC6C32EB91F3095E89B10AFCA80BD9A82C1.jpg,0
_needle/Volta_Pantheon/D00236TargetImage.jpg,_haystack/other/9A990367286B3F40CB1E65900C92F6092113439C.jpg,0
_needle/Volta_Pantheon/D00236TargetImage.jpg,_haystack/other/4C6840FCB91CFCD00E0AD0CC2F1163D0C1444DA7.jpg,0
_needle/Volta_Pantheon/D00236TargetImage.jpg,_haystack/other/7F42AE7C6D0C15D1026CDFF7AC682F1A5CBB13F1.jpg,0
_needle/Volta_Pantheon/D00236TargetImage.jpg,_haystack/other/5AD1375E27679FD438A7C9458C4319555387A7F1.jpg,0
_needle/Volta_Pantheon/D00236TargetImage.jpg,_haystack/other/5E19CCB453CF86E7D66F2995663727C4FEA4F6DE.jpg,0
_needle/Volta_Pantheon/D00236TargetImage.jpg,_haystack/other/4C663E85BBBCADE94B626156B73968A7E253AD7E.jpg,0
_needle/Volta_Pantheon/D00236TargetImage.jpg,_haystack/other/29BE6DF8BB02339529783B051CAE8AC462C53350.jpg,0
_needle/Volta_Pantheon/D00236TargetImage.jpg,_haystack/other/6E0A9E180F45B08D1A00D73B4A5D12CA5D507DA8.jpg,0
_needle/Volta_Pantheon/D00236TargetImage.jpg,_haystack/other/06E1D16E2BFB96644F645AB50D959058466F6789.jpg,0
_needle/Volta_Pantheon/D00236TargetImage.jpg,_haystack/other/1C78C8BF716B89746A1F36F486CFFD308BFB40DD.jpg,0
_needle/Volta_Pantheon/D00236TargetImage.jpg,_haystack/other/7B382B724B4267865758837895721A5DDAAE2E16.jpg,0
_needle/Volta_Pantheon/D00236TargetImage.jpg,_haystack/other/0AAD89BACFE6AA8FF50EC6E42D1AA5534B99685E.jpg,0
_needle/Volta_Pantheon/D00236TargetImage.jpg,_haystack/other/6E38A0B834C94FD1930D5E6115F6522FAFB8FBD7.jpg,0
_needle/Volta_Pantheon/D00236TargetImage.jpg,_haystack/other/3A1404853A3D04C073BBCE1E63DC75499855355E.jpg,0
_needle/Volta_Pantheon/D00236TargetImage.jpg,_haystack/other/7F50AA4FBDCF75F01B9ACF41B8393DEB11F24087.jpg,0
_needle/Volta_Pantheon/D00236TargetImage.jpg,_haystack/other/5B915A4A034AD6673CAA30323A079FFB9F9C53AA.jpg,0
_needle/Volta_Pantheon/D00236TargetImage.jpg,_haystack/other/43E9346F7E50F7BDC50B40C00D6D46CE37C53089.jpg,0
_needle/Volta_Pantheon/D00236TargetImage.jpg,_haystack/other/18EF6748E3B6712409EDB8FD26FDD8ECBDAEFD94.jpg,0
_needle/Volta_Pantheon/D00236TargetImage.jpg,_haystack/other/2C70CFF53434D9ABEEDAED293D6D3297B1200F1A.jpg,0
_needle/Volta_Pantheon/D00236TargetImage.jpg,_haystack/other/0F1D2F7A7BF6856AF15A7C4E14227D7DAF2E0FA1.jpg,0
_needle/Volta_Pantheon/D00236TargetImage.jpg,_haystack/other/6A805FFA6B533FBC3DB8B5F950034B632DCCFB0B.jpg,0
_needle/Volta_Pantheon/D00236TargetImage.jpg,_haystack/other/7BB3653FAC3A2198B9DD64C12E6CB3DFE5C54F1F.jpg,0
_needle/Volta_Pantheon/D00236TargetImage.jpg,_haystack/SixtijnseKapel/1e.jpg,0
_needle/Volta_Pantheon/D00236TargetImage.jpg,_haystack/SixtijnseKapel/bb9dd49f81cfec3d82161b73213a283945f12254_judgement-01.jpg,0
_needle/Volta_Pantheon/D00236TargetImage.jpg,_haystack/SixtijnseKapel/25976.jpg,0
_needle/Volta_Pantheon/D00236TargetImage.jpg,_haystack/ponte_di_verona/48490591-ponte-di-pietra-brug-in-verona-in-een-zomerse-dag-italië-.jpg,0
_needle/Volta_Pantheon/D00236TargetImage.jpg,_haystack/ponte_di_verona/images.jpg,0
_needle/Volta_Pantheon/D00236TargetImage.jpg,_haystack/palazzo_Bartolini_Salimbeni_Firenze/3f74dcd8c86248f7c078bc4beb56235a.jpg,0
_needle/Volta_Pantheon/D00236TargetImage.jpg,_haystack/palazzo_Bartolini_Salimbeni_Firenze/l-italia-toscana-firenze-piazza-santa-trinita-e-palazzo-bartolini-salimbeni-di-notte-je710j.jpg,0
_needle/Volta_Pantheon/D00236TargetImage.jpg,_haystack/palazzo_Bartolini_Salimbeni_Firenze/italy-toscana-tuscany-firenze-florence-piazza-santa-trinita-palazzo-bartolini-salimbeni-XBY2F2.jpg,0
_needle/Volta_Pantheon/D00236TargetImage.jpg,_haystack/palazzo_Bartolini_Salimbeni_Firenze/Firenze_-_Florence_-_Piazza_Santa_Trìnita_-_View_East_on_Palazzo_Bartolini_Salimbeni_1523_by_Baccio_d_Agnolo.jpg,0
_needle/Volta_Pantheon/D00236TargetImage.jpg,_haystack/palazzo_Bartolini_Salimbeni_Firenze/16951476119_b0359cc13c_b.jpg,0
_needle/Volta_Pantheon/D00236TargetImage.jpg,_haystack/StoelMondriaan/download (3).jpg,0
_needle/Volta_Pantheon/D00236TargetImage.jpg,_haystack/StoelMondriaan/rood-blauwe-stoel-van-gerrit-thomas-rietveld.jpg,0
_needle/Volta_Pantheon/D00236TargetImage.jpg,_haystack/Volta_Pantheon/pantheon01.jpg,1
_needle/Volta_Pantheon/D00236TargetImage.jpg,_haystack/Volta_Pantheon/Pantheon-Rome-interior-3.jpg,1
_needle/Volta_Pantheon/D00236TargetImage.jpg,_haystack/Avondmaal/download (5).jpg,0
_needle/Volta_Pantheon/D00236TargetImage.jpg,_haystack/Avondmaal/images.jpg,0
_needle/Volta_Pantheon/D00236TargetImage.jpg,_haystack/Hooiwagen/2048x1152 (1).jpg,0
_needle/Volta_Pantheon/D00236TargetImage.jpg,_haystack/Hooiwagen/jb17.jpg,0
_needle/Volta_Pantheon/D00236TargetImage.jpg,_haystack/Hooiwagen/download (2).jpg,0
_needle/Avondmaal/download (4).jpg,_haystack/Eifel/2e6eebee20804cacab6d5cb9ecac49c6 (2).jpg,0
_needle/Avondmaal/download (4).jpg,_haystack/Eifel/depositphotos_171783652-stock-photo-girl-looking-at-the-eiffel.jpg,0
_needle/Avondmaal/download (4).jpg,_haystack/Eifel/fc (1).jpg,0
_needle/Avondmaal/download (4).jpg,_haystack/chiostro_santa_Maria_del_Gesù/santa_maria_gesu.jpg,0
_needle/Avondmaal/download (4).jpg,_haystack/chiostro_santa_Maria_del_Gesù/bta02101.jpg,0
_needle/Avondmaal/download (4).jpg,_haystack/chiostro_santa_Maria_del_Gesù/Santa_Maria_del_Gesù_a_Modica.jpg,0
_needle/Avondmaal/download (4).jpg,_haystack/chiostro_santa_Maria_del_Gesù/2045-09-28-14-9426.jpg,0
_needle/Avondmaal/download (4).jpg,_haystack/chiostro_santa_Maria_del_Gesù/chiostrosantamariadelgesu_modica_033.jpg,0
_needle/Avondmaal/download (4).jpg,_haystack/Denker/auguste-rodin-denker-560.jpg,0
_needle/Avondmaal/download (4).jpg,_haystack/other/1DCDC7B9A77AF1CD5D922B1657A20A2E6F5D3884.jpg,0
_needle/Avondmaal/download (4).jpg,_haystack/other/0DED3CAB2CF04ACFB104A663D78BC12B3DC7802B.jpg,0
_needle/Avondmaal/download (4).jpg,_haystack/other/9C96D629F61301D1A3432552DF5D6024DB8460CC.jpg,0
_needle/Avondmaal/download (4).jpg,_haystack/other/2F66EA36D3685312058C62F344836DE17C811F63.jpg,0
_needle/Avondmaal/download (4).jpg,_haystack/other/3EB020482CC58097D232E7D81A0F0F9A1F74DF3F.jpg,0
_needle/Avondmaal/download (4).jpg,_haystack/other/4B1F27BFC6278DC921BDF41BB4153E35917A2E1A.jpg,0
_needle/Avondmaal/download (4).jpg,_haystack/other/6D5433D78F86510DFC21C5244D86028C2961E506.jpg,0
_needle/Avondmaal/download (4).jpg,_haystack/other/7D364FF8495ED9835C33DB825ACEA7EA75974AE4.jpg,0
_needle/Avondmaal/download (4).jpg,_haystack/other/1D0BC6C50061317CD281010B0C4DF604A1E1DC63.jpg,0
_needle/Avondmaal/download (4).jpg,_haystack/other/9A187B7DBD5C85125FA02F7FC8F2C6A67BF92B0C.jpg,0
_needle/Avondmaal/download (4).jpg,_haystack/other/6EAF7C36444A71D54EC40456A36FEA8EA7856EB6.jpg,0
_needle/Avondmaal/download (4).jpg,_haystack/other/49B23A228F2A9F21DF5B1C260007663952B0156A.jpg,0
_needle/Avondmaal/download (4).jpg,_haystack/other/4B388D71636175BF1AC7E06627AEAE55CF87F94E.jpg,0
_needle/Avondmaal/download (4).jpg,_haystack/other/3EB7ACC6C32EB91F3095E89B10AFCA80BD9A82C1.jpg,0
_needle/Avondmaal/download (4).jpg,_haystack/other/9A990367286B3F40CB1E65900C92F6092113439C.jpg,0
_needle/Avondmaal/download (4).jpg,_haystack/other/4C6840FCB91CFCD00E0AD0CC2F1163D0C1444DA7.jpg,0
_needle/Avondmaal/download (4).jpg,_haystack/other/7F42AE7C6D0C15D1026CDFF7AC682F1A5CBB13F1.jpg,0
_needle/Avondmaal/download (4).jpg,_haystack/other/5AD1375E27679FD438A7C9458C4319555387A7F1.jpg,0
_needle/Avondmaal/download (4).jpg,_haystack/other/5E19CCB453CF86E7D66F2995663727C4FEA4F6DE.jpg,0
_needle/Avondmaal/download (4).jpg,_haystack/other/4C663E85BBBCADE94B626156B73968A7E253AD7E.jpg,0
_needle/Avondmaal/download (4).jpg,_haystack/other/29BE6DF8BB02339529783B051CAE8AC462C53350.jpg,0
_needle/Avondmaal/download (4).jpg,_haystack/other/6E0A9E180F45B08D1A00D73B4A5D12CA5D507DA8.jpg,0
_needle/Avondmaal/download (4).jpg,_haystack/other/06E1D16E2BFB96644F645AB50D959058466F6789.jpg,0
_needle/Avondmaal/download (4).jpg,_haystack/other/1C78C8BF716B89746A1F36F486CFFD308BFB40DD.jpg,0
_needle/Avondmaal/download (4).jpg,_haystack/other/7B382B724B4267865758837895721A5DDAAE2E16.jpg,0
_needle/Avondmaal/download (4).jpg,_haystack/other/0AAD89BACFE6AA8FF50EC6E42D1AA5534B99685E.jpg,0
_needle/Avondmaal/download (4).jpg,_haystack/other/6E38A0B834C94FD1930D5E6115F6522FAFB8FBD7.jpg,0
_needle/Avondmaal/download (4).jpg,_haystack/other/3A1404853A3D04C073BBCE1E63DC75499855355E.jpg,0
_needle/Avondmaal/download (4).jpg,_haystack/other/7F50AA4FBDCF75F01B9ACF41B8393DEB11F24087.jpg,0
_needle/Avondmaal/download (4).jpg,_haystack/other/5B915A4A034AD6673CAA30323A079FFB9F9C53AA.jpg,0
_needle/Avondmaal/download (4).jpg,_haystack/other/43E9346F7E50F7BDC50B40C00D6D46CE37C53089.jpg,0
_needle/Avondmaal/download (4).jpg,_haystack/other/18EF6748E3B6712409EDB8FD26FDD8ECBDAEFD94.jpg,0
_needle/Avondmaal/download (4).jpg,_haystack/other/2C70CFF53434D9ABEEDAED293D6D3297B1200F1A.jpg,0
_needle/Avondmaal/download (4).jpg,_haystack/other/0F1D2F7A7BF6856AF15A7C4E14227D7DAF2E0FA1.jpg,0
_needle/Avondmaal/download (4).jpg,_haystack/other/6A805FFA6B533FBC3DB8B5F950034B632DCCFB0B.jpg,0
_needle/Avondmaal/download (4).jpg,_haystack/other/7BB3653FAC3A2198B9DD64C12E6CB3DFE5C54F1F.jpg,0
_needle/Avondmaal/download (4).jpg,_haystack/SixtijnseKapel/1e.jpg,0
_needle/Avondmaal/download (4).jpg,_haystack/SixtijnseKapel/bb9dd49f81cfec3d82161b73213a283945f12254_judgement-01.jpg,0
_needle/Avondmaal/download (4).jpg,_haystack/SixtijnseKapel/25976.jpg,0
_needle/Avondmaal/download (4).jpg,_haystack/ponte_di_verona/48490591-ponte-di-pietra-brug-in-verona-in-een-zomerse-dag-italië-.jpg,0
_needle/Avondmaal/download (4).jpg,_haystack/ponte_di_verona/images.jpg,0
_needle/Avondmaal/download (4).jpg,_haystack/palazzo_Bartolini_Salimbeni_Firenze/3f74dcd8c86248f7c078bc4beb56235a.jpg,0
_needle/Avondmaal/download (4).jpg,_haystack/palazzo_Bartolini_Salimbeni_Firenze/l-italia-toscana-firenze-piazza-santa-trinita-e-palazzo-bartolini-salimbeni-di-notte-je710j.jpg,0
_needle/Avondmaal/download (4).jpg,_haystack/palazzo_Bartolini_Salimbeni_Firenze/italy-toscana-tuscany-firenze-florence-piazza-santa-trinita-palazzo-bartolini-salimbeni-XBY2F2.jpg,0
_needle/Avondmaal/download (4).jpg,_haystack/palazzo_Bartolini_Salimbeni_Firenze/Firenze_-_Florence_-_Piazza_Santa_Trìnita_-_View_East_on_Palazzo_Bartolini_Salimbeni_1523_by_Baccio_d_Agnolo.jpg,0
_needle/Avondmaal/download (4).jpg,_haystack/palazzo_Bartolini_Salimbeni_Firenze/16951476119_b0359cc13c_b.jpg,0
_needle/Avondmaal/download (4).jpg,_haystack/StoelMondriaan/download (3).jpg,0
_needle/Avondmaal/download (4).jpg,_haystack/StoelMondriaan/rood-blauwe-stoel-van-gerrit-thomas-rietveld.jpg,0
_needle/Avondmaal/download (4).jpg,_haystack/Volta_Pantheon/pantheon01.jpg,0
_needle/Avondmaal/download (4).jpg,_haystack/Volta_Pantheon/Pantheon-Rome-interior-3.jpg,0
_needle/Avondmaal/download (4).jpg,_haystack/Avondmaal/download (5).jpg,1
_needle/Avondmaal/download (4).jpg,_haystack/Avondmaal/images.jpg,1
_needle/Avondmaal/download (4).jpg,_haystack/Hooiwagen/2048x1152 (1).jpg,0
_needle/Avondmaal/download (4).jpg,_haystack/Hooiwagen/jb17.jpg,0
_needle/Avondmaal/download (4).jpg,_haystack/Hooiwagen/download (2).jpg,0
_needle/Hooiwagen/Hieronymus_Bosch_074.jpg,_haystack/Eifel/2e6eebee20804cacab6d5cb9ecac49c6 (2).jpg,0
_needle/Hooiwagen/Hieronymus_Bosch_074.jpg,_haystack/Eifel/depositphotos_171783652-stock-photo-girl-looking-at-the-eiffel.jpg,0
_needle/Hooiwagen/Hieronymus_Bosch_074.jpg,_haystack/Eifel/fc (1).jpg,0
_needle/Hooiwagen/Hieronymus_Bosch_074.jpg,_haystack/chiostro_santa_Maria_del_Gesù/santa_maria_gesu.jpg,0
_needle/Hooiwagen/Hieronymus_Bosch_074.jpg,_haystack/chiostro_santa_Maria_del_Gesù/bta02101.jpg,0
_needle/Hooiwagen/Hieronymus_Bosch_074.jpg,_haystack/chiostro_santa_Maria_del_Gesù/Santa_Maria_del_Gesù_a_Modica.jpg,0
_needle/Hooiwagen/Hieronymus_Bosch_074.jpg,_haystack/chiostro_santa_Maria_del_Gesù/2045-09-28-14-9426.jpg,0
_needle/Hooiwagen/Hieronymus_Bosch_074.jpg,_haystack/chiostro_santa_Maria_del_Gesù/chiostrosantamariadelgesu_modica_033.jpg,0
_needle/Hooiwagen/Hieronymus_Bosch_074.jpg,_haystack/Denker/auguste-rodin-denker-560.jpg,0
_needle/Hooiwagen/Hieronymus_Bosch_074.jpg,_haystack/other/1DCDC7B9A77AF1CD5D922B1657A20A2E6F5D3884.jpg,0
_needle/Hooiwagen/Hieronymus_Bosch_074.jpg,_haystack/other/0DED3CAB2CF04ACFB104A663D78BC12B3DC7802B.jpg,0
_needle/Hooiwagen/Hieronymus_Bosch_074.jpg,_haystack/other/9C96D629F61301D1A3432552DF5D6024DB8460CC.jpg,0
_needle/Hooiwagen/Hieronymus_Bosch_074.jpg,_haystack/other/2F66EA36D3685312058C62F344836DE17C811F63.jpg,0
_needle/Hooiwagen/Hieronymus_Bosch_074.jpg,_haystack/other/3EB020482CC58097D232E7D81A0F0F9A1F74DF3F.jpg,0
_needle/Hooiwagen/Hieronymus_Bosch_074.jpg,_haystack/other/4B1F27BFC6278DC921BDF41BB4153E35917A2E1A.jpg,0
_needle/Hooiwagen/Hieronymus_Bosch_074.jpg,_haystack/other/6D5433D78F86510DFC21C5244D86028C2961E506.jpg,0
_needle/Hooiwagen/Hieronymus_Bosch_074.jpg,_haystack/other/7D364FF8495ED9835C33DB825ACEA7EA75974AE4.jpg,0
_needle/Hooiwagen/Hieronymus_Bosch_074.jpg,_haystack/other/1D0BC6C50061317CD281010B0C4DF604A1E1DC63.jpg,0
_needle/Hooiwagen/Hieronymus_Bosch_074.jpg,_haystack/other/9A187B7DBD5C85125FA02F7FC8F2C6A67BF92B0C.jpg,0
_needle/Hooiwagen/Hieronymus_Bosch_074.jpg,_haystack/other/6EAF7C36444A71D54EC40456A36FEA8EA7856EB6.jpg,0
_needle/Hooiwagen/Hieronymus_Bosch_074.jpg,_haystack/other/49B23A228F2A9F21DF5B1C260007663952B0156A.jpg,0
_needle/Hooiwagen/Hieronymus_Bosch_074.jpg,_haystack/other/4B388D71636175BF1AC7E06627AEAE55CF87F94E.jpg,0
_needle/Hooiwagen/Hieronymus_Bosch_074.jpg,_haystack/other/3EB7ACC6C32EB91F3095E89B10AFCA80BD9A82C1.jpg,0
_needle/Hooiwagen/Hieronymus_Bosch_074.jpg,_haystack/other/9A990367286B3F40CB1E65900C92F6092113439C.jpg,0
_needle/Hooiwagen/Hieronymus_Bosch_074.jpg,_haystack/other/4C6840FCB91CFCD00E0AD0CC2F1163D0C1444DA7.jpg,0
_needle/Hooiwagen/Hieronymus_Bosch_074.jpg,_haystack/other/7F42AE7C6D0C15D1026CDFF7AC682F1A5CBB13F1.jpg,0
_needle/Hooiwagen/Hieronymus_Bosch_074.jpg,_haystack/other/5AD1375E27679FD438A7C9458C4319555387A7F1.jpg,0
_needle/Hooiwagen/Hieronymus_Bosch_074.jpg,_haystack/other/5E19CCB453CF86E7D66F2995663727C4FEA4F6DE.jpg,0
_needle/Hooiwagen/Hieronymus_Bosch_074.jpg,_haystack/other/4C663E85BBBCADE94B626156B73968A7E253AD7E.jpg,0
_needle/Hooiwagen/Hieronymus_Bosch_074.jpg,_haystack/other/29BE6DF8BB02339529783B051CAE8AC462C53350.jpg,0
_needle/Hooiwagen/Hieronymus_Bosch_074.jpg,_haystack/other/6E0A9E180F45B08D1A00D73B4A5D12CA5D507DA8.jpg,0
_needle/Hooiwagen/Hieronymus_Bosch_074.jpg,_haystack/other/06E1D16E2BFB96644F645AB50D959058466F6789.jpg,0
_needle/Hooiwagen/Hieronymus_Bosch_074.jpg,_haystack/other/1C78C8BF716B89746A1F36F486CFFD308BFB40DD.jpg,0
_needle/Hooiwagen/Hieronymus_Bosch_074.jpg,_haystack/other/7B382B724B4267865758837895721A5DDAAE2E16.jpg,0
_needle/Hooiwagen/Hieronymus_Bosch_074.jpg,_haystack/other/0AAD89BACFE6AA8FF50EC6E42D1AA5534B99685E.jpg,0
_needle/Hooiwagen/Hieronymus_Bosch_074.jpg,_haystack/other/6E38A0B834C94FD1930D5E6115F6522FAFB8FBD7.jpg,0
_needle/Hooiwagen/Hieronymus_Bosch_074.jpg,_haystack/other/3A1404853A3D04C073BBCE1E63DC75499855355E.jpg,0
_needle/Hooiwagen/Hieronymus_Bosch_074.jpg,_haystack/other/7F50AA4FBDCF75F01B9ACF41B8393DEB11F24087.jpg,0
_needle/Hooiwagen/Hieronymus_Bosch_074.jpg,_haystack/other/5B915A4A034AD6673CAA30323A079FFB9F9C53AA.jpg,0
_needle/Hooiwagen/Hieronymus_Bosch_074.jpg,_haystack/other/43E9346F7E50F7BDC50B40C00D6D46CE37C53089.jpg,0
_needle/Hooiwagen/Hieronymus_Bosch_074.jpg,_haystack/other/18EF6748E3B6712409EDB8FD26FDD8ECBDAEFD94.jpg,0
_needle/Hooiwagen/Hieronymus_Bosch_074.jpg,_haystack/other/2C70CFF53434D9ABEEDAED293D6D3297B1200F1A.jpg,0
_needle/Hooiwagen/Hieronymus_Bosch_074.jpg,_haystack/other/0F1D2F7A7BF6856AF15A7C4E14227D7DAF2E0FA1.jpg,0
_needle/Hooiwagen/Hieronymus_Bosch_074.jpg,_haystack/other/6A805FFA6B533FBC3DB8B5F950034B632DCCFB0B.jpg,0
_needle/Hooiwagen/Hieronymus_Bosch_074.jpg,_haystack/other/7BB3653FAC3A2198B9DD64C12E6CB3DFE5C54F1F.jpg,0
_needle/Hooiwagen/Hieronymus_Bosch_074.jpg,_haystack/SixtijnseKapel/1e.jpg,0
_needle/Hooiwagen/Hieronymus_Bosch_074.jpg,_haystack/SixtijnseKapel/bb9dd49f81cfec3d82161b73213a283945f12254_judgement-01.jpg,0
_needle/Hooiwagen/Hieronymus_Bosch_074.jpg,_haystack/SixtijnseKapel/25976.jpg,0
_needle/Hooiwagen/Hieronymus_Bosch_074.jpg,_haystack/ponte_di_verona/48490591-ponte-di-pietra-brug-in-verona-in-een-zomerse-dag-italië-.jpg,0
_needle/Hooiwagen/Hieronymus_Bosch_074.jpg,_haystack/ponte_di_verona/images.jpg,0
_needle/Hooiwagen/Hieronymus_Bosch_074.jpg,_haystack/palazzo_Bartolini_Salimbeni_Firenze/3f74dcd8c86248f7c078bc4beb56235a.jpg,0
_needle/Hooiwagen/Hieronymus_Bosch_074.jpg,_haystack/palazzo_Bartolini_Salimbeni_Firenze/l-italia-toscana-firenze-piazza-santa-trinita-e-palazzo-bartolini-salimbeni-di-notte-je710j.jpg,0
_needle/Hooiwagen/Hieronymus_Bosch_074.jpg,_haystack/palazzo_Bartolini_Salimbeni_Firenze/italy-toscana-tuscany-firenze-florence-piazza-santa-trinita-palazzo-bartolini-salimbeni-XBY2F2.jpg,0
_needle/Hooiwagen/Hieronymus_Bosch_074.jpg,_haystack/palazzo_Bartolini_Salimbeni_Firenze/Firenze_-_Florence_-_Piazza_Santa_Trìnita_-_View_East_on_Palazzo_Bartolini_Salimbeni_1523_by_Baccio_d_Agnolo.jpg,0
_needle/Hooiwagen/Hieronymus_Bosch_074.jpg,_haystack/palazzo_Bartolini_Salimbeni_Firenze/16951476119_b0359cc13c_b.jpg,0
_needle/Hooiwagen/Hieronymus_Bosch_074.jpg,_haystack/StoelMondriaan/download (3).jpg,0
_needle/Hooiwagen/Hieronymus_Bosch_074.jpg,_haystack/StoelMondriaan/rood-blauwe-stoel-van-gerrit-thomas-rietveld.jpg,0
_needle/Hooiwagen/Hieronymus_Bosch_074.jpg,_haystack/Volta_Pantheon/pantheon01.jpg,0
_needle/Hooiwagen/Hieronymus_Bosch_074.jpg,_haystack/Volta_Pantheon/Pantheon-Rome-interior-3.jpg,0
_needle/Hooiwagen/Hieronymus_Bosch_074.jpg,_haystack/Avondmaal/download (5).jpg,0
_needle/Hooiwagen/Hieronymus_Bosch_074.jpg,_haystack/Avondmaal/images.jpg,0
_needle/Hooiwagen/Hieronymus_Bosch_074.jpg,_haystack/Hooiwagen/2048x1152 (1).jpg,1
_needle/Hooiwagen/Hieronymus_Bosch_074.jpg,_haystack/Hooiwagen/jb17.jpg,1
_needle/Hooiwagen/Hieronymus_Bosch_074.jpg,_haystack/Hooiwagen/download (2).jpg,1
